"RK",TIERS,"PLAYER NAME",TEAM,"POS","BYE WEEK","UPSIDE ","BUST ","SOS SEASON","ECR VS. ADP","AVG. DIFF ","% OVER "
"1",1,"Jahmyr Gibbs",DET,"RB1","6","5 out of 5","1 out of 5","5 out of 5 stars","0","+1.9","50% (8/16)"
"2",1,"Bijan Robinson",ATL,"RB2","11","5 out of 5","1 out of 5","2 out of 5 stars","0","+2.1","56% (9/16)"
"3",1,"Ja'Marr Chase",CIN,"WR1","6","5 out of 5","1 out of 5","4 out of 5 stars","0","-0.3","40% (6/15)"
"4",1,"Puka Nacua",LAR,"WR2","11","5 out of 5","2 out of 5","1 out of 5 stars","0","+2.6","60% (9/15)"
"5",1,"Jaxon Smith-Njigba",SEA,"WR3","11","5 out of 5","2 out of 5","3 out of 5 stars","+2","+2.4","62% (10/16)"
"6",1,"Amon-Ra St. Brown",DET,"WR4","6","5 out of 5","1 out of 5","4 out of 5 stars","+2","-0.1","37% (6/16)"
"7",1,"Jonathan Taylor",IND,"RB3","13","4 out of 5","3 out of 5","4 out of 5 stars","-1","+2.6","43% (7/16)"
"8",1,"Christian McCaffrey",SF,"RB4","8","4 out of 5","4 out of 5","2 out of 5 stars","-3","+2.8","75% (12/16)"
"9",1,"James Cook III",BUF,"RB5","7","5 out of 5","1 out of 5","2 out of 5 stars","0","+2.2","62% (10/16)"
"10",1,"CeeDee Lamb",DAL,"WR5","14","4 out of 5","2 out of 5","2 out of 5 stars","0","-2.4","38% (5/13)"
"11",2,"Justin Jefferson",MIN,"WR6","6","5 out of 5","2 out of 5","5 out of 5 stars","+2","-4.0","25% (4/16)"
"12",2,"Chase Brown",CIN,"RB6","6","5 out of 5","2 out of 5","2 out of 5 stars","+2","+2.0","56% (9/16)"
"13",2,"Saquon Barkley",PHI,"RB7","10","4 out of 5","3 out of 5","4 out of 5 stars","-2","-2.1","37% (6/16)"
"14",2,"A.J. Brown",NE,"WR7","11","5 out of 5","2 out of 5","2 out of 5 stars","+5","-0.1","46% (7/15)"
"15",2,"Drake London",ATL,"WR8","11","4 out of 5","3 out of 5","3 out of 5 stars","+5","+0.9","45% (5/11)"
"16",2,"De'Von Achane",MIA,"RB8","6","4 out of 5","4 out of 5","3 out of 5 stars","-4","+0.1","31% (5/16)"
"17",2,"Omarion Hampton",LAC,"RB9","7","5 out of 5","2 out of 5","3 out of 5 stars","-2","+0.7","55% (5/9)"
"18",2,"Kenneth Walker III",KC,"RB10","5","5 out of 5","4 out of 5","3 out of 5 stars","-1","-1.4","25% (4/16)"
"19",2,"Nico Collins",HOU,"WR9","8","4 out of 5","2 out of 5","3 out of 5 stars","+4","-0.5","46% (7/15)"
"20",2,"Brock Bowers",LV,"TE1","13","5 out of 5","1 out of 5","3 out of 5 stars","+2","-","-"
"21",2,"Derrick Henry",BAL,"RB11","13","4 out of 5","2 out of 5","3 out of 5 stars","-3","+1.4","43% (7/16)"
"22",2,"George Pickens",DAL,"WR10","14","4 out of 5","3 out of 5","2 out of 5 stars","+2","+2.4","43% (7/16)"
"23",3,"Ashton Jeanty",LV,"RB12","13","4 out of 5","3 out of 5","2 out of 5 stars","-7","-0.6","43% (7/16)"
"24",3,"Chris Olave",NO,"WR11","8","4 out of 5","4 out of 5","3 out of 5 stars","+2","+2.4","50% (8/16)"
"25",3,"Trey McBride",ARI,"TE2","14","4 out of 5","2 out of 5","2 out of 5 stars","0","+2.2","56% (9/16)"
"26",3,"Malik Nabers",NYG,"WR12","8","4 out of 5","4 out of 5","4 out of 5 stars","+3","-","-"
"27",3,"DeVonta Smith",PHI,"WR13","10","4 out of 5","2 out of 5","4 out of 5 stars","+4","-1.0","37% (6/16)"
"28",3,"Josh Allen",BUF,"QB1","7","5 out of 5","2 out of 5","3 out of 5 stars","-7","+0.7","50% (8/16)"
"29",3,"Rashee Rice",KC,"WR14","5","4 out of 5","4 out of 5","2 out of 5 stars","+4","-","-"
"30",3,"Zay Flowers",BAL,"WR15","13","4 out of 5","2 out of 5","4 out of 5 stars","+4","-0.4","37% (6/16)"
"31",3,"Kyren Williams",LAR,"RB13","11","4 out of 5","2 out of 5","5 out of 5 stars","-4","+0.9","56% (9/16)"
"32",3,"Javonte Williams",DAL,"RB14","14","4 out of 5","3 out of 5","4 out of 5 stars","-2","+0.9","56% (9/16)"
"33",3,"Tee Higgins",CIN,"WR16","6","5 out of 5","2 out of 5","4 out of 5 stars","+6","+0.9","50% (7/14)"
"34",3,"Breece Hall",NYJ,"RB15","13","4 out of 5","4 out of 5","3 out of 5 stars","-2","-1.2","43% (7/16)"
"35",3,"Jaylen Waddle",DEN,"WR17","10","4 out of 5","3 out of 5","2 out of 5 stars","+10","-1.0","43% (7/16)"
"36",3,"Ladd McConkey",LAC,"WR18","7","4 out of 5","3 out of 5","2 out of 5 stars","+4","-2.1","43% (7/16)"
"37",3,"Garrett Wilson",NYJ,"WR19","13","4 out of 5","4 out of 5","4 out of 5 stars","+7","-","-"
"38",3,"Lamar Jackson",BAL,"QB2","13","4 out of 5","4 out of 5","3 out of 5 stars","-2","-4.4","41% (5/12)"
"39",3,"Tetairoa McMillan",CAR,"WR20","5","4 out of 5","3 out of 5","2 out of 5 stars","-2","-0.3","37% (6/16)"
"40",3,"Jeremiyah Love",ARI,"RB16","14","5 out of 5","4 out of 5","2 out of 5 stars","-12","-","-"
"41",3,"Colston Loveland",CHI,"TE3","10","5 out of 5","2 out of 5","2 out of 5 stars","0","+1.9","53% (8/15)"
"42",3,"Emeka Egbuka",TB,"WR21","10","4 out of 5","3 out of 5","4 out of 5 stars","+1","-1.4","31% (5/16)"
"43",4,"Travis Etienne Jr.",NO,"RB17","8","4 out of 5","4 out of 5","3 out of 5 stars","-8","+2.2","62% (10/16)"
"44",4,"Drake Maye",NE,"QB3","11","5 out of 5","2 out of 5","2 out of 5 stars","+7","+1.5","56% (9/16)"
"45",4,"D'Andre Swift",CHI,"RB18","10","3 out of 5","3 out of 5","2 out of 5 stars","-3","+2.1","60% (9/15)"
"46",4,"Terry McLaurin",WAS,"WR22","7","4 out of 5","2 out of 5","2 out of 5 stars","+8","-0.6","33% (3/9)"
"47",4,"Davante Adams",LAR,"WR23","11","4 out of 5","4 out of 5","1 out of 5 stars","+10","+0.2","50% (7/14)"
"48",4,"Luther Burden III",CHI,"WR24","10","4 out of 5","4 out of 5","3 out of 5 stars","+5","+1.8","57% (8/14)"
"49",4,"Joe Burrow",CIN,"QB4","6","4 out of 5","3 out of 5","3 out of 5 stars","+3","-0.9","57% (4/7)"
"50",4,"Jameson Williams",DET,"WR25","6","4 out of 5","3 out of 5","4 out of 5 stars","+10","+0.1","50% (8/16)"
"51",4,"Bucky Irving",TB,"RB19","10","3 out of 5","4 out of 5","2 out of 5 stars","-4","-1.1","44% (4/9)"
"52",4,"Tyler Warren",IND,"TE4","13","5 out of 5","2 out of 5","3 out of 5 stars","-2","-0.4","50% (8/16)"
"53",4,"Cam Skattebo",NYG,"RB20","8","4 out of 5","4 out of 5","4 out of 5 stars","-15","-","-"
"54",4,"David Montgomery",HOU,"RB21","8","4 out of 5","2 out of 5","4 out of 5 stars","-6","-0.1","43% (7/16)"
"55",4,"DJ Moore",BUF,"WR26","7","4 out of 5","2 out of 5","4 out of 5 stars","-6","-0.5","31% (5/16)"
"56",4,"Christian Watson",GB,"WR27","11","4 out of 5","4 out of 5","5 out of 5 stars","+8","+2.4","50% (5/10)"
"57",4,"Quinshon Judkins",CLE,"RB22","11","4 out of 5","4 out of 5","3 out of 5 stars","-11","-","-"
"58",4,"Rome Odunze",CHI,"WR28","10","4 out of 5","3 out of 5","3 out of 5 stars","+5","-1.6","46% (6/13)"
"59",4,"Bhayshul Tuten",JAC,"RB23","7","4 out of 5","3 out of 5","4 out of 5 stars","-1","-","-"
"60",4,"Jalen Hurts",PHI,"QB5","10","4 out of 5","3 out of 5","5 out of 5 stars","+1","-2.1","37% (6/16)"
"61",4,"Jadarian Price",SEA,"RB24","11","4 out of 5","3 out of 5","4 out of 5 stars","-5","-","-"
"62",4,"Mike Evans",SF,"WR29","8","4 out of 5","3 out of 5","2 out of 5 stars","+4","-2.7","28% (2/7)"
"63",4,"Jayden Daniels",WAS,"QB6","7","4 out of 5","4 out of 5","2 out of 5 stars","-1","-","-"
"64",4,"Parker Washington",JAC,"WR30","7","4 out of 5","2 out of 5","4 out of 5 stars","+3","+3.8","80% (12/15)"
"65",5,"TreVeyon Henderson",NE,"RB25","11","4 out of 5","3 out of 5","2 out of 5 stars","-6","0.0","31% (5/16)"
"66",5,"Caleb Williams",CHI,"QB7","10","5 out of 5","2 out of 5","3 out of 5 stars","+6","+1.2","62% (10/16)"
"67",5,"Rhamondre Stevenson",NE,"RB26","11","4 out of 5","3 out of 5","2 out of 5 stars","+2","+0.4","53% (7/13)"
"68",5,"Tucker Kraft",GB,"TE5","11","5 out of 5","2 out of 5","2 out of 5 stars","-3","-","-"
"69",5,"Jaylen Warren",PIT,"RB27","9","4 out of 5","4 out of 5","2 out of 5 stars","-1","-0.1","46% (7/15)"
"70",5,"Marvin Harrison Jr.",ARI,"WR31","14","3 out of 5","4 out of 5","2 out of 5 stars","+5","-1.7","50% (6/12)"
"71",5,"Justin Herbert",LAC,"QB8","7","5 out of 5","2 out of 5","2 out of 5 stars","+6","0.0","37% (6/16)"
"72",5,"Carnell Tate",TEN,"WR32","9","4 out of 5","2 out of 5","3 out of 5 stars","+2","-","-"
"73",5,"Trevor Lawrence",JAC,"QB9","7","5 out of 5","2 out of 5","4 out of 5 stars","+10","+3.9","75% (12/16)"
"74",5,"Dak Prescott",DAL,"QB10","14","4 out of 5","2 out of 5","2 out of 5 stars","+5","+1.9","68% (11/16)"
"75",5,"Tony Pollard",TEN,"RB28","9","4 out of 5","2 out of 5","3 out of 5 stars","+3","0.0","25% (4/16)"
"76",5,"Brian Thomas Jr.",JAC,"WR33","7","2 out of 5","4 out of 5","4 out of 5 stars","+4","-2.4","30% (4/13)"
"77",5,"DK Metcalf",PIT,"WR34","9","3 out of 5","3 out of 5","3 out of 5 stars","+5","-","-"
"78",5,"Harold Fannin Jr.",CLE,"TE6","11","4 out of 5","3 out of 5","3 out of 5 stars","-8","+2.0","56% (9/16)"
"79",5,"Chris Godwin Jr.",TB,"WR35","10","4 out of 5","4 out of 5","4 out of 5 stars","+5","+0.2","37% (3/8)"
"80",5,"Rico Dowdle",PIT,"RB29","9","4 out of 5","4 out of 5","2 out of 5 stars","-4","+1.1","31% (5/16)"
"81",5,"Jonathon Brooks",CAR,"RB30","5","4 out of 5","4 out of 5","1 out of 5 stars","0","-","-"
"82",5,"Sam LaPorta",DET,"TE7","6","4 out of 5","4 out of 5","3 out of 5 stars","-11","+0.7","44% (4/9)"
"83",5,"Kyle Pitts Sr.",ATL,"TE8","11","4 out of 5","4 out of 5","3 out of 5 stars","-10","+1.7","50% (8/16)"
"84",5,"Courtland Sutton",DEN,"WR36","10","2 out of 5","4 out of 5","2 out of 5 stars","+5","0.0","50% (8/16)"
"85",5,"Quentin Johnston",LAC,"WR37","7","4 out of 5","3 out of 5","2 out of 5 stars","+18","+0.9","57% (8/14)"
"86",5,"J.K. Dobbins",DEN,"RB31","10","4 out of 5","4 out of 5","2 out of 5 stars","+4","0.0","50% (5/10)"
"87",5,"Michael Pittman Jr.",PIT,"WR38","9","4 out of 5","3 out of 5","3 out of 5 stars","+28","-0.7","56% (9/16)"
"88",5,"MarShawn Lloyd",GB,"RB32","11","4 out of 5","4 out of 5","4 out of 5 stars","+11","-","-"
"89",5,"Michael Wilson",ARI,"WR39","14","-","-","2 out of 5 stars","-3","+2.4","68% (11/16)"
"90",6,"Blake Corum",LAR,"RB33","11","4 out of 5","4 out of 5","5 out of 5 stars","+1","+2.1","56% (9/16)"
"91",6,"Alec Pierce",IND,"WR40","13","4 out of 5","4 out of 5","4 out of 5 stars","+1","+2.5","64% (9/14)"
"92",6,"George Kittle",SF,"TE9","8","4 out of 5","4 out of 5","3 out of 5 stars","-5","+1.6","50% (5/10)"
"93",6,"Chuba Hubbard",CAR,"RB34","5","2 out of 5","4 out of 5","1 out of 5 stars","-5","-1.1","28% (4/14)"
"94",6,"Brock Purdy",SF,"QB11","8","4 out of 5","1 out of 5","1 out of 5 stars","+18","+4.6","87% (7/8)"
"95",6,"Bo Nix",DEN,"QB12","10","4 out of 5","2 out of 5","3 out of 5 stars","+6","+1.0","50% (8/16)"
"96",6,"Jaxson Dart",NYG,"QB13","8","5 out of 5","4 out of 5","4 out of 5 stars","-1","+2.2","64% (9/14)"
"97",6,"Josh Downs",IND,"WR41","13","4 out of 5","4 out of 5","4 out of 5 stars","+14","-0.5","46% (7/15)"
"98",6,"RJ Harvey",DEN,"RB35","10","2 out of 5","4 out of 5","2 out of 5 stars","-13","+2.0","50% (8/16)"
"99",6,"Stefon Diggs",WAS,"WR42","7","4 out of 5","2 out of 5","2 out of 5 stars","+5","+0.1","50% (8/16)"
"100",6,"Jacory Croskey-Merritt",WAS,"RB36","7","4 out of 5","4 out of 5","4 out of 5 stars","-3","-0.2","37% (6/16)"
"101",6,"Jordan Mason",MIN,"RB37","6","4 out of 5","3 out of 5","4 out of 5 stars","-7","-1.0","33% (5/15)"
"102",6,"Wan'Dale Robinson",TEN,"WR43","9","4 out of 5","3 out of 5","3 out of 5 stars","+26","+1.1","43% (7/16)"
"103",6,"Patrick Mahomes II",KC,"QB14","5","3 out of 5","4 out of 5","2 out of 5 stars","+10","-","-"
"104",6,"Travis Kelce",KC,"TE10","5","2 out of 5","2 out of 5","4 out of 5 stars","-11","+0.2","50% (8/16)"
"105",6,"Jayden Reed",GB,"WR44","11","4 out of 5","4 out of 5","5 out of 5 stars","+5","-1.9","33% (2/6)"
"106",6,"Kenny Gainwell",TB,"RB38","10","4 out of 5","3 out of 5","2 out of 5 stars","+3","+2.4","43% (7/16)"
"107",6,"Jordan Addison",MIN,"WR45","6","4 out of 5","4 out of 5","5 out of 5 stars","-1","-0.4","30% (4/13)"
"108",6,"Jared Goff",DET,"QB15","6","4 out of 5","1 out of 5","5 out of 5 stars","+15","+0.8","43% (7/16)"
"109",6,"Matthew Stafford",LAR,"QB16","11","4 out of 5","2 out of 5","3 out of 5 stars","-7","+3.3","62% (10/16)"
"110",6,"Dalton Kincaid",BUF,"TE11","7","3 out of 5","4 out of 5","3 out of 5 stars","-12","+1.6","54% (6/11)"
"111",6,"Makai Lemon",PHI,"WR46","10","4 out of 5","2 out of 5","4 out of 5 stars","-3","-","-"
"112",6,"Kyle Monangai",CHI,"RB39","10","4 out of 5","3 out of 5","2 out of 5 stars","-16","+1.2","43% (7/16)"
"113",6,"Rachaad White",WAS,"RB40","7","4 out of 5","3 out of 5","4 out of 5 stars","+6","-1.2","37% (6/16)"
"114",6,"Jakobi Meyers",JAC,"WR47","7","2 out of 5","3 out of 5","4 out of 5 stars","+20","-1.4","33% (5/15)"
"115",6,"Isaiah Likely",NYG,"TE12","8","4 out of 5","3 out of 5","3 out of 5 stars","-15","-1.9","23% (3/13)"
"116",6,"KC Concepcion",CLE,"WR48","11","4 out of 5","4 out of 5","3 out of 5 stars","+6","-","-"
"117",6,"Dallas Goedert",PHI,"TE13","10","4 out of 5","3 out of 5","4 out of 5 stars","+3","+1.9","53% (8/15)"
"118",6,"Kyler Murray",MIN,"QB17","6","4 out of 5","2 out of 5","5 out of 5 stars","+11","-","-"
"119",6,"Aaron Jones Sr.",MIN,"RB41","6","1 out of 5","4 out of 5","4 out of 5 stars","+6","-1.3","33% (4/12)"
"120",6,"De'Zhaun Stribling",SF,"WR49","8","4 out of 5","4 out of 5","2 out of 5 stars","-13","-","-"
"121",6,"Jordan Love",GB,"QB18","11","4 out of 5","3 out of 5","4 out of 5 stars","+12","-1.2","46% (7/15)"
"122",6,"Baker Mayfield",TB,"QB19","10","3 out of 5","4 out of 5","2 out of 5 stars","+15","-0.9","56% (9/16)"
"123",6,"Jake Ferguson",DAL,"TE14","14","2 out of 5","4 out of 5","2 out of 5 stars","-5","+0.3","50% (8/16)"
"124",6,"Matthew Golden",GB,"WR50","11","3 out of 5","4 out of 5","5 out of 5 stars","+6","-2.6","23% (3/13)"
"125",6,"Chris Rodriguez Jr.",JAC,"RB42","7","3 out of 5","4 out of 5","4 out of 5 stars","+15","+1.8","58% (7/12)"
"126",6,"Xavier Worthy",KC,"WR51","5","4 out of 5","4 out of 5","2 out of 5 stars","+16","-3.4","14% (2/14)"
"127",6,"Romeo Doubs",NE,"WR52","11","3 out of 5","3 out of 5","2 out of 5 stars","+19","-0.4","43% (7/16)"
"128",6,"Mark Andrews",BAL,"TE15","13","4 out of 5","4 out of 5","4 out of 5 stars","-7","-1.1","25% (4/16)"
"129",6,"Juwan Johnson",NO,"TE16","8","4 out of 5","2 out of 5","2 out of 5 stars","+2","+1.1","50% (8/16)"
"130",6,"Tyler Allgeier",ARI,"RB43","14","3 out of 5","4 out of 5","2 out of 5 stars","+5","+1.0","56% (9/16)"
"131",6,"Woody Marks",HOU,"RB44","8","3 out of 5","4 out of 5","4 out of 5 stars","+8","+0.1","40% (6/15)"
"132",6,"Tyler Shough",NO,"QB20","8","4 out of 5","2 out of 5","3 out of 5 stars","+33","+1.6","46% (7/15)"
"133",6,"Jalen Coker",CAR,"WR53","5","4 out of 5","2 out of 5","2 out of 5 stars","+23","+0.5","40% (4/10)"
"134",6,"Khalil Shakir",BUF,"WR54","7","2 out of 5","4 out of 5","4 out of 5 stars","+25","-1.1","37% (6/16)"
"135",6,"Malik Willis",MIA,"QB21","6","4 out of 5","4 out of 5","3 out of 5 stars","+19","+1.8","26% (4/15)"
"136",7,"Deebo Samuel Sr.",SF,"WR55","8","4 out of 5","3 out of 5","2 out of 5 stars","+5","-0.7","46% (7/15)"
"137",7,"Tyjae Spears",TEN,"RB45","9","4 out of 5","4 out of 5","3 out of 5 stars","+21","-0.2","25% (3/12)"
"138",7,"Jonah Coleman",DEN,"RB46","10","4 out of 5","4 out of 5","2 out of 5 stars","+7","-","-"
"139",7,"Mike Washington Jr.",LV,"RB47","13","4 out of 5","4 out of 5","2 out of 5 stars","-12","-","-"
"140",7,"Rashid Shaheed",SEA,"WR56","11","3 out of 5","4 out of 5","3 out of 5 stars","+3","-0.4","41% (7/17)"
"141",7,"Jordyn Tyson",NO,"WR57","8","3 out of 5","5 out of 5","3 out of 5 stars","-24","-","-"
"142",7,"Sam Darnold",SEA,"QB22","11","1 out of 5","4 out of 5","4 out of 5 stars","+7","-0.3","56% (9/16)"
"143",7,"Keaton Mitchell",LAC,"RB48","7","4 out of 5","3 out of 5","3 out of 5 stars","+18","+0.4","50% (6/12)"
"144",7,"Dylan Sampson",CLE,"RB49","11","4 out of 5","3 out of 5","3 out of 5 stars","+62","+0.5","42% (6/14)"
"145",7,"Zach Charbonnet",SEA,"RB50","11","3 out of 5","4 out of 5","4 out of 5 stars","+5","+1.9","60% (9/15)"
"146",7,"Tank Bigsby",PHI,"RB51","10","4 out of 5","2 out of 5","4 out of 5 stars","+11","+0.2","31% (5/16)"
"147",7,"Hunter Henry",NE,"TE17","11","2 out of 5","4 out of 5","4 out of 5 stars","+4","+0.5","43% (7/16)"
"148",7,"C.J. Stroud",HOU,"QB23","8","3 out of 5","4 out of 5","4 out of 5 stars","+16","-0.9","38% (5/13)"
"149",7,"Brenton Strange",JAC,"TE18","7","4 out of 5","3 out of 5","3 out of 5 stars","+24","+0.2","54% (6/11)"
"150",7,"Chig Okonkwo",WAS,"TE19","7","4 out of 5","3 out of 5","1 out of 5 stars","+21","+0.2","50% (8/16)"
"151",7,"Daniel Jones",IND,"QB24","13","4 out of 5","4 out of 5","4 out of 5 stars","+29","-","-"
"152",7,"Braelon Allen",NYJ,"RB52","13","1 out of 5","4 out of 5","3 out of 5 stars","+20","-1.2","50% (2/4)"
"153",7,"Dalton Schultz",HOU,"TE20","8","4 out of 5","2 out of 5","4 out of 5 stars","+29","+0.9","56% (9/16)"
"154",7,"Denzel Boston",CLE,"WR58","11","4 out of 5","4 out of 5","3 out of 5 stars","+31","-","-"
"155",7,"Tre Tucker",LV,"WR59","13","4 out of 5","2 out of 5","2 out of 5 stars","+14","+0.2","37% (6/16)"
"156",7,"Cam Ward",TEN,"QB25","9","4 out of 5","4 out of 5","3 out of 5 stars","+23","-0.6","50% (8/16)"
"157",7,"Adonai Mitchell",NYJ,"WR60","13","4 out of 5","4 out of 5","4 out of 5 stars","+75","0.0","28% (4/14)"
"158",7,"Josh Jacobs",GB,"RB53","11","2 out of 5","5 out of 5","4 out of 5 stars","-103","-1.7","40% (6/15)"
"159",7,"Emmett Johnson",KC,"RB54","5","4 out of 5","4 out of 5","3 out of 5 stars","+8","-","-"
"160",7,"Alvin Kamara",NO,"RB55","8","2 out of 5","4 out of 5","3 out of 5 stars","-8","-4.1","18% (2/11)"
"161",7,"Brian Robinson Jr.",ATL,"RB56","11","2 out of 5","4 out of 5","2 out of 5 stars","-14","-0.6","25% (4/16)"
"162",7,"Tyrone Tracy Jr.",NYG,"RB57","8","1 out of 5","4 out of 5","4 out of 5 stars","-7","-0.5","35% (5/14)"
"163",7,"Kayshon Boutte",HOU,"WR61","8","2 out of 5","4 out of 5","3 out of 5 stars","+36","+0.8","46% (6/13)"
"164",7,"Jalen McMillan",TB,"WR62","10","4 out of 5","3 out of 5","4 out of 5 stars","+65","+5.0","100% (3/3)"
"165",7,"Ray Davis",BUF,"RB58","7","-","-","2 out of 5 stars","+13","-0.3","31% (5/16)"
"166",7,"Dontayvion Wicks",PHI,"WR63","10","4 out of 5","4 out of 5","4 out of 5 stars","+44","-0.5","35% (5/14)"
"167",7,"Jerry Jeudy",CLE,"WR64","11","1 out of 5","5 out of 5","3 out of 5 stars","+54","-2.2","18% (3/16)"
"168",7,"Tre' Harris",LAC,"WR65","7","4 out of 5","2 out of 5","2 out of 5 stars","+65","-0.4","37% (6/16)"
"169",7,"Terrance Ferguson",LAR,"TE21","11","4 out of 5","4 out of 5","4 out of 5 stars","+12","+1.4","42% (6/14)"
"170",8,"Ryan Flournoy",DAL,"WR66","14","4 out of 5","4 out of 5","2 out of 5 stars","+69","+3.2","66% (8/12)"
"171",8,"Pat Bryant",DEN,"WR67","10","3 out of 5","3 out of 5","2 out of 5 stars","+75","+0.3","35% (5/14)"
"172",8,"Jauan Jennings",MIN,"WR68","6","2 out of 5","4 out of 5","5 out of 5 stars","+11","+1.0","50% (7/14)"
"173",8,"AJ Barner",SEA,"TE22","11","4 out of 5","3 out of 5","3 out of 5 stars","+22","+1.7","50% (8/16)"
"174",8,"Omar Cooper Jr.",NYJ,"WR69","13","3 out of 5","4 out of 5","4 out of 5 stars","+53","-","-"
"175",8,"Jalen Nailor",LV,"WR70","13","-","-","2 out of 5 stars","-5","-0.2","31% (5/16)"
"176",8,"Bryce Young",CAR,"QB26","5","3 out of 5","4 out of 5","2 out of 5 stars","-1","-0.4","40% (6/15)"
"177",8,"T.J. Hockenson",MIN,"TE23","6","3 out of 5","4 out of 5","4 out of 5 stars","-3","-1.1","40% (6/15)"
"178",8,"Keenan Allen",IND,"WR71","13","3 out of 5","4 out of 5","4 out of 5 stars","-10","-1.4","25% (4/16)"
"179",8,"Malik Washington",MIA,"WR72","6","2 out of 5","4 out of 5","3 out of 5 stars","+38","-1.1","31% (5/16)"
"180",8,"Kenyon Sadiq",NYJ,"TE24","13","3 out of 5","4 out of 5","4 out of 5 stars","+9","-","-"
"181",8,"Isiah Pacheco",DET,"RB59","6","3 out of 5","4 out of 5","5 out of 5 stars","-28","-1.9","30% (4/13)"
"182",8,"Houston Texans",HOU,"DST1","8","-","-","2 out of 5 stars","-68","+2.2","62% (10/16)"
"183",8,"Kimani Vidal",LAC,"RB60","7","1 out of 5","4 out of 5","3 out of 5 stars","+54","+0.4","45% (5/11)"
"184",8,"Jaylin Noel",HOU,"WR73","8","4 out of 5","3 out of 5","3 out of 5 stars","+139","+0.6","37% (6/16)"
"185",8,"Calvin Ridley",TEN,"WR74","9","2 out of 5","4 out of 5","3 out of 5 stars","+45","-","-"
"186",8,"Denver Broncos",DEN,"DST2","10","-","-","4 out of 5 stars","-62","0.0","56% (9/16)"
"187",8,"Los Angeles Rams",LAR,"DST3","11","-","-","2 out of 5 stars","-82","+0.8","56% (9/16)"
"188",8,"Jacoby Brissett",ARI,"QB27","14","3 out of 5","4 out of 5","2 out of 5 stars","+46","+2.5","60% (9/15)"
"189",8,"Seattle Seahawks",SEA,"DST4","11","-","-","2 out of 5 stars","-63","+3.8","68% (11/16)"
"190",8,"Gunnar Helm",TEN,"TE25","9","3 out of 5","3 out of 5","3 out of 5 stars","+66","+0.6","50% (8/16)"
"191",8,"Oronde Gadsden II",LAC,"TE26","7","3 out of 5","4 out of 5","4 out of 5 stars","-5","+0.8","42% (6/14)"
"192",8,"Philadelphia Eagles",PHI,"DST5","10","-","-","0 out of 5 stars","-56","+1.1","50% (8/16)"
"193",8,"Travis Hunter",JAC,"WR75","7","2 out of 5","4 out of 5","4 out of 5 stars","-2","-","-"
"194",8,"Pat Freiermuth",PIT,"TE27","9","3 out of 5","4 out of 5","2 out of 5 stars","+4","+0.9","37% (6/16)"
"195",8,"Rashod Bateman",BAL,"WR76","13","2 out of 5","4 out of 5","4 out of 5 stars","-","-2.5","23% (3/13)"
"196",8,"Sean Tucker",TB,"RB61","10","3 out of 5","4 out of 5","2 out of 5 stars","+63","+1.4","43% (7/16)"
"197",8,"Malik Davis",DAL,"RB62","14","-","-","4 out of 5 stars","+71","+2.0","57% (4/7)"
"198",8,"Nicholas Singleton",TEN,"RB63","9","3 out of 5","4 out of 5","3 out of 5 stars","+37","-","-"
"199",8,"New England Patriots",NE,"DST6","11","-","-","3 out of 5 stars","-33","+0.8","43% (7/16)"
"200",8,"Minnesota Vikings",MIN,"DST7","6","-","-","1 out of 5 stars","-16","+1.2","37% (6/16)"
"201",8,"Pittsburgh Steelers",PIT,"DST8","9","-","-","5 out of 5 stars","-9","+0.7","50% (8/16)"
"202",8,"Jacksonville Jaguars",JAC,"DST9","7","-","-","3 out of 5 stars","-15","+1.9","81% (13/16)"
"203",8,"Chris Bell",MIA,"WR77","6","3 out of 5","4 out of 5","3 out of 5 stars","+25","-","-"
"204",8,"Los Angeles Chargers",LAC,"DST10","7","-","-","3 out of 5 stars","-10","-0.4","37% (6/16)"
"205",8,"Aaron Rodgers",PIT,"QB28","9","1 out of 5","4 out of 5","2 out of 5 stars","-29","-0.5","53% (8/15)"
"206",8,"Cade Otton",TB,"TE28","10","2 out of 5","4 out of 5","2 out of 5 stars","+49","-1.4","33% (5/15)"
"207",8,"Ja'Kobi Lane",BAL,"WR78","13","4 out of 5","4 out of 5","4 out of 5 stars","-59","-","-"
"208",8,"Brandon Aubrey",DAL,"K1","14","4 out of 5","1 out of 5","2 out of 5 stars","-92","+3.1","68% (11/16)"
"209",8,"Baltimore Ravens",BAL,"DST11","13","-","-","5 out of 5 stars","-21","-0.3","56% (9/16)"
"210",8,"Kaytron Allen",WAS,"RB64","7","3 out of 5","4 out of 5","4 out of 5 stars","+37","-","-"
"211",8,"Cameron Dicker",LAC,"K2","7","5 out of 5","1 out of 5","2 out of 5 stars","-73","+2.5","75% (12/16)"
"212",8,"Kaelon Black",SF,"RB65","8","4 out of 5","4 out of 5","2 out of 5 stars","-49","-","-"
"213",8,"Cooper Kupp",SEA,"WR79","11","2 out of 5","4 out of 5","3 out of 5 stars","-16","-1.5","40% (6/15)"
"214",8,"Ka'imi Fairbairn",HOU,"K3","8","5 out of 5","1 out of 5","2 out of 5 stars","-82","+4.8","92% (13/14)"
"215",8,"Malachi Fields",NYG,"WR80","8","4 out of 5","4 out of 5","4 out of 5 stars","+4","-","-"
"216",8,"Kansas City Chiefs",KC,"DST12","5","-","-","3 out of 5 stars","+9","-1.3","31% (5/16)"
"217",8,"Geno Smith",NYJ,"QB29","13","2 out of 5","4 out of 5","4 out of 5 stars","+21","-1.5","40% (6/15)"
"218",8,"Isaac TeSlaa",DET,"WR81","6","3 out of 5","4 out of 5","4 out of 5 stars","-9","+1.1","43% (7/16)"
"219",8,"George Holani",SEA,"RB66","11","3 out of 5","4 out of 5","4 out of 5 stars","+45","+0.4","22% (2/9)"
"220",8,"Najee Harris",NYG,"RB67","8","2 out of 5","4 out of 5","4 out of 5 stars","+42","-","-"
"221",8,"Zachariah Branch",ATL,"WR82","11","3 out of 5","4 out of 5","3 out of 5 stars","+29","-","-"
"222",8,"Jaylen Wright",MIA,"RB68","6","-","-","3 out of 5 stars","+18","+2.3","54% (6/11)"
"223",8,"Cam Little",JAC,"K4","7","-","-","4 out of 5 stars","-61","+2.0","68% (11/16)"
"224",8,"Jason Myers",SEA,"K5","11","4 out of 5","1 out of 5","4 out of 5 stars","-80","+4.5","87% (14/16)"
"225",8,"James Conner",ARI,"RB69","14","3 out of 5","4 out of 5","2 out of 5 stars","-20","-","-"
"226",8,"Emanuel Wilson",SEA,"RB70","11","3 out of 5","4 out of 5","4 out of 5 stars","+64","+0.8","37% (6/16)"
"227",8,"Justice Hill",BAL,"RB71","13","-","-","3 out of 5 stars","-4","+0.2","40% (4/10)"
"228",8,"Darnell Mooney",NYG,"WR83","8","3 out of 5","4 out of 5","4 out of 5 stars","+57","-2.9","14% (2/14)"
"229",9,"Green Bay Packers",GB,"DST13","11","-","-","2 out of 5 stars","-16","-2.0","31% (5/16)"
"230",9,"Jake Bates",DET,"K6","6","4 out of 5","2 out of 5","5 out of 5 stars","-37","+0.7","43% (7/16)"
"231",9,"Eddy Pineiro",SF,"K7","8","4 out of 5","2 out of 5","5 out of 5 stars","-30","+3.1","69% (9/13)"
"232",9,"Tyler Loop",BAL,"K8","13","-","-","3 out of 5 stars","-30","+1.1","56% (9/16)"
"233",9,"Germie Bernard",PIT,"WR84","9","2 out of 5","4 out of 5","3 out of 5 stars","+37","-","-"
"234",9,"Devaughn Vele",NO,"WR85","8","2 out of 5","4 out of 5","3 out of 5 stars","+32","-","-"
"235",9,"Samaje Perine",CIN,"RB72","6","2 out of 5","5 out of 5","2 out of 5 stars","+59","0.0","42% (6/14)"
"236",9,"Evan Engram",DEN,"TE29","10","-","-","4 out of 5 stars","+50","-1.4","26% (4/15)"
"237",9,"Harrison Mevis",LAR,"K9","11","4 out of 5","2 out of 5","2 out of 5 stars","-47","+0.6","50% (4/8)"
"238",9,"Demond Claiborne",MIN,"RB73","6","3 out of 5","4 out of 5","4 out of 5 stars","+29","-","-"
"239",9,"Detroit Lions",DET,"DST14","6","-","-","5 out of 5 stars","-23","-1.2","31% (5/16)"
"240",9,"Fernando Mendoza",LV,"QB30","13","4 out of 5","3 out of 5","1 out of 5 stars","-80","-","-"
"241",9,"Ted Hurst III",TB,"WR86","10","4 out of 5","4 out of 5","4 out of 5 stars","+20","-","-"
"242",9,"Chris Brooks",GB,"RB74","11","2 out of 5","4 out of 5","4 out of 5 stars","+31","-0.6","25% (4/16)"
"243",9,"Buffalo Bills",BUF,"DST15","7","-","-","3 out of 5 stars","-17","-0.3","25% (4/16)"
"244",9,"Troy Franklin",DEN,"WR87","10","1 out of 5","4 out of 5","2 out of 5 stars","+68","+1.0","50% (8/16)"
"245",9,"Cairo Santos",CHI,"K10","10","4 out of 5","3 out of 5","0 out of 5 stars","+9","+2.0","71% (10/14)"
"246",9,"David Njoku",LAC,"TE30","7","4 out of 5","4 out of 5","4 out of 5 stars","-69","-1.1","33% (4/12)"
"247",9,"Tank Dell",HOU,"WR88","8","4 out of 5","4 out of 5","3 out of 5 stars","-11","-","-"
"248",9,"Kaleb Johnson",GB,"RB75","11","1 out of 5","5 out of 5","4 out of 5 stars","+10","-1.3","21% (3/14)"
"249",9,"Jack Bech",LV,"WR89","13","3 out of 5","4 out of 5","2 out of 5 stars","+72","-1.1","40% (6/15)"
"250",9,"Chase McLaughlin",TB,"K11","10","4 out of 5","2 out of 5","3 out of 5 stars","-28","+1.4","56% (9/16)"
"251",9,"Keon Coleman",BUF,"WR90","7","2 out of 5","4 out of 5","4 out of 5 stars","+21","-1.5","25% (3/12)"
"252",9,"Evan McPherson",CIN,"K12","6","4 out of 5","2 out of 5","2 out of 5 stars","-52","+1.3","56% (9/16)"
"253",9,"Antonio Williams",WAS,"WR91","7","4 out of 5","2 out of 5","2 out of 5 stars","+21","-","-"
"254",9,"Caleb Douglas",MIA,"WR92","6","3 out of 5","3 out of 5","3 out of 5 stars","-30","-","-"
"255",9,"Cleveland Browns",CLE,"DST16","11","-","-","5 out of 5 stars","-6","0.0","37% (6/16)"
"256",9,"Andy Borregales",NE,"K13","11","-","-","1 out of 5 stars","-36","+1.3","50% (8/16)"
"257",9,"Colby Parkinson",LAR,"TE31","11","-","-","4 out of 5 stars","+23","+2.9","64% (9/14)"
"258",9,"Jordan James",SF,"RB76","8","2 out of 5","4 out of 5","2 out of 5 stars","-10","-0.8","0% (0/1)"
"259",9,"Ollie Gordon II",MIA,"RB77","6","3 out of 5","4 out of 5","3 out of 5 stars","+60","-0.6","25% (4/16)"
"260",9,"Greg Dulcich",MIA,"TE32","6","4 out of 5","4 out of 5","5 out of 5 stars","-45","+1.9","66% (6/9)"
"261",9,"Harrison Butker",KC,"K14","5","-","-","5 out of 5 stars","-65","+0.7","50% (8/16)"
"262",9,"Tory Horton",SEA,"WR93","11","3 out of 5","4 out of 5","3 out of 5 stars","+42","+1.3","50% (4/8)"
"263",9,"Isaiah Davis",NYJ,"RB78","13","2 out of 5","4 out of 5","3 out of 5 stars","-","-0.1","37% (6/16)"
"264",9,"Michael Penix Jr.",ATL,"QB31","11","2 out of 5","5 out of 5","4 out of 5 stars","-13","-","-"
"265",9,"Ty Johnson",BUF,"RB79","7","-","-","2 out of 5 stars","+11","+0.6","37% (6/16)"
"266",9,"Chris Boswell",PIT,"K15","9","4 out of 5","2 out of 5","4 out of 5 stars","-54","+1.3","62% (10/16)"
"267",9,"LeQuint Allen Jr.",JAC,"RB80","7","2 out of 5","4 out of 5","4 out of 5 stars","+59","-0.4","37% (6/16)"
"268",9,"Tyquan Thornton",KC,"WR94","5","2 out of 5","5 out of 5","2 out of 5 stars","-","-","-"
"269",9,"Elic Ayomanor",TEN,"WR95","9","1 out of 5","5 out of 5","3 out of 5 stars","-","-0.7","33% (5/15)"
"270",9,"Kirk Cousins",LV,"QB32","13","2 out of 5","4 out of 5","1 out of 5 stars","-18","-0.1","33% (5/15)"
"271",9,"Tua Tagovailoa",ATL,"QB33","11","2 out of 5","4 out of 5","4 out of 5 stars","-26","-1.9","35% (5/14)"
"272",9,"Wil Lutz",DEN,"K16","10","-","-","1 out of 5 stars","-30","+0.1","56% (9/16)"
"273",9,"Chimere Dike",TEN,"WR96","9","1 out of 5","5 out of 5","3 out of 5 stars","-","+0.3","37% (6/16)"
"274",9,"Kendre Miller",NO,"RB81","8","2 out of 5","4 out of 5","3 out of 5 stars","-","-","-"
"275",9,"DJ Giddens",IND,"RB82","13","2 out of 5","4 out of 5","4 out of 5 stars","-","-0.6","28% (2/7)"
"276",9,"Seth McGowan",IND,"RB83","13","4 out of 5","4 out of 5","4 out of 5 stars","+12","-","-"
"277",9,"Darius Slayton",NYG,"WR97","8","2 out of 5","4 out of 5","4 out of 5 stars","-","-1.2","38% (5/13)"
"278",9,"Shedeur Sanders",CLE,"QB34","11","3 out of 5","4 out of 5","4 out of 5 stars","-15","+1.6","30% (3/10)"
"279",9,"Will Reichard",MIN,"K17","6","-","-","2 out of 5 stars","-72","+2.1","68% (11/16)"
"280",9,"Deshaun Watson",CLE,"QB35","11","1 out of 5","5 out of 5","4 out of 5 stars","-20","-","-"
"281",9,"Xavier Legette",CAR,"WR98","5","2 out of 5","4 out of 5","2 out of 5 stars","-","-0.5","28% (4/14)"
"282",9,"Christian Kirk",SF,"WR99","8","2 out of 5","5 out of 5","2 out of 5 stars","-","-2.3","25% (3/12)"
"283",9,"Elijah Sarratt",BAL,"WR100","13","3 out of 5","4 out of 5","4 out of 5 stars","-","-","-"
"284",9,"Mason Taylor",NYJ,"TE33","13","1 out of 5","4 out of 5","4 out of 5 stars","-","-0.8","30% (4/13)"
"285",9,"Marvin Mims Jr.",DEN,"WR101","10","3 out of 5","4 out of 5","2 out of 5 stars","-","-0.5","42% (6/14)"
"286",9,"Cyrus Allen",KC,"WR102","5","4 out of 5","4 out of 5","2 out of 5 stars","-68","-","-"
"287",9,"Brashard Smith",KC,"RB84","5","-","-","3 out of 5 stars","-","-0.3","37% (6/16)"
"288",9,"Atlanta Falcons",ATL,"DST17","11","-","-","4 out of 5 stars","-","+0.4","43% (7/16)"
"289",9,"Kyle Williams",NE,"WR103","11","3 out of 5","4 out of 5","2 out of 5 stars","-","-0.1","31% (5/16)"
"290",9,"San Francisco 49ers",SF,"DST18","8","-","-","3 out of 5 stars","-79","-1.3","43% (7/16)"
"291",9,"Adam Randall",BAL,"RB85","13","3 out of 5","5 out of 5","3 out of 5 stars","+15","-","-"
"292",9,"Theo Johnson",NYG,"TE34","8","2 out of 5","5 out of 5","3 out of 5 stars","+16","+0.2","46% (7/15)"
"293",9,"Emari Demercado",DAL,"RB86","14","1 out of 5","5 out of 5","4 out of 5 stars","+22","-1.1","27% (3/11)"
"294",9,"Devin Singletary",NYG,"RB87","8","1 out of 5","5 out of 5","4 out of 5 stars","-29","+1.2","50% (8/16)"
"295",10,"Eli Stowers",PHI,"TE35","10","4 out of 5","4 out of 5","4 out of 5 stars","-6","-","-"
"296",10,"Jaydon Blue",PHI,"RB88","10","3 out of 5","5 out of 5","4 out of 5 stars","-39","-3.3","0% (0/4)"
"297",10,"Devin Neal",NO,"RB89","8","2 out of 5","4 out of 5","3 out of 5 stars","-","-","-"
"298",10,"Mack Hollins",NE,"WR104","11","-","-","2 out of 5 stars","-","+1.1","60% (9/15)"
"299",10,"New Orleans Saints",NO,"DST19","8","-","-","5 out of 5 stars","-","+1.1","50% (8/16)"
"300",10,"Hollywood Brown",PHI,"WR105","10","-","-","4 out of 5 stars","-","+0.3","60% (9/15)"
"301",10,"Mike Gesicki",CIN,"TE36","6","-","-","3 out of 5 stars","-32","-0.6","25% (3/12)"
"302",10,"Isaiah Bond",CLE,"WR106","11","-","-","3 out of 5 stars","-","-0.8","33% (5/15)"
"303",10,"Trevor Etienne",CAR,"RB90","5","2 out of 5","4 out of 5","1 out of 5 stars","-","-0.7","20% (3/15)"
"304",10,"Skyler Bell",BUF,"WR107","7","-","-","4 out of 5 stars","-","-","-"
"305",10,"Tahj Brooks",CIN,"RB91","6","-","-","2 out of 5 stars","-","-0.8","8% (1/12)"
"306",10,"Indianapolis Colts",IND,"DST20","13","-","-","5 out of 5 stars","-","+0.1","37% (6/16)"
"307",10,"Trey Benson",ARI,"RB92","14","1 out of 5","5 out of 5","2 out of 5 stars","+3","-","-"
"308",10,"Jerome Ford",WAS,"RB93","7","2 out of 5","4 out of 5","4 out of 5 stars","-","-","-"
"309",10,"Darren Waller",CAR,"TE37","5","-","-","2 out of 5 stars","-13","+1.4","33% (3/9)"
"310",10,"Isaac Guerendo",SF,"RB94","8","-","-","2 out of 5 stars","-","-1.3","0% (0/13)"
"311",10,"Audric Estime",NO,"RB95","8","-","-","3 out of 5 stars","-","+1.0","33% (2/6)"
"312",10,"Jarquez Hunter",FA,"RB96","-","-","-","-","-","-0.8","0% (0/4)"
"313",10,"Chicago Bears",CHI,"DST21","10","-","-","2 out of 5 stars","-105","+0.3","43% (7/16)"
"314",10,"Brandon Aiyuk",SF,"WR108","8","2 out of 5","5 out of 5","2 out of 5 stars","+8","-","-"
"315",10,"Jake Tonges",SF,"TE38","8","-","-","3 out of 5 stars","-31","+1.0","42% (6/14)"
"316",10,"Darnell Washington",PIT,"TE39","9","-","-","2 out of 5 stars","-","+0.5","43% (7/16)"
"317",10,"Andrei Iosivas",CIN,"WR109","6","-","-","4 out of 5 stars","-","-0.1","37% (6/16)"
"318",10,"DeMario Douglas",NE,"WR110","11","-","-","2 out of 5 stars","-2","-0.8","25% (4/16)"
"319",10,"Will Shipley",PHI,"RB97","10","-","-","4 out of 5 stars","-","-0.6","14% (2/14)"
"320",10,"Jaleel McLaughlin",CLE,"RB98","11","-","-","3 out of 5 stars","-","-0.9","14% (1/7)"
"321",10,"Tyreek Hill",FA,"WR111","-","1 out of 5","5 out of 5","-","-107","-","-"
"322",10,"Michael Mayer",LV,"TE40","13","-","-","3 out of 5 stars","-","-0.5","33% (4/12)"
"323",10,"Kareem Hunt",FA,"RB99","-","-","-","-","-","+0.4","37% (6/16)"
"324",10,"Charlie Kolar",LAC,"TE41","7","-","-","4 out of 5 stars","-","-","-"
"325",10,"Charlie Smyth",NO,"K18","8","-","-","5 out of 5 stars","-","+4.2","60% (3/5)"
"326",10,"Oscar Delp",NO,"TE42","8","4 out of 5","4 out of 5","2 out of 5 stars","-","-","-"
"327",10,"Jahan Dotson",ATL,"WR112","11","-","-","3 out of 5 stars","-27","-0.6","25% (4/16)"
"328",10,"Xavier Hutchinson",HOU,"WR113","8","-","-","3 out of 5 stars","-","+0.4","43% (7/16)"
"329",10,"Bryce Lance",NO,"WR114","8","-","-","3 out of 5 stars","-","-","-"
"330",10,"Carson Beck",ARI,"QB36","14","-","-","2 out of 5 stars","-","-","-"
"331",10,"Jalen Tolbert",MIA,"WR115","6","-","-","3 out of 5 stars","-30","-0.3","36% (4/11)"
"332",10,"Elijah Arroyo",SEA,"TE43","11","-","-","3 out of 5 stars","-","-","-"
"333",10,"Eli Raridon",NE,"TE44","11","-","-","4 out of 5 stars","-","-","-"
"334",10,"Dawson Knox",BUF,"TE45","7","-","-","3 out of 5 stars","-","+1.4","56% (9/16)"
"335",10,"Dallas Cowboys",DAL,"DST22","14","-","-","1 out of 5 stars","-131","-3.1","25% (4/16)"
"336",10,"Joe Mixon",FA,"RB100","-","-","-","-","-","-","-"
"337",10,"Erick All Jr.",CIN,"TE46","6","-","-","3 out of 5 stars","-","-","-"
"338",11,"Kendrick Bourne",ARI,"WR116","14","-","-","2 out of 5 stars","-","-0.4","33% (5/15)"
"339",11,"Tez Johnson",TB,"WR117","10","-","-","4 out of 5 stars","-","+0.8","42% (6/14)"
"340",11,"Tyler Higbee",LAR,"TE47","11","-","-","4 out of 5 stars","-","-0.4","40% (4/10)"
"341",11,"Jalen Royals",KC,"WR118","5","-","-","2 out of 5 stars","-","-1.9","0% (0/4)"
"342",11,"Cole Kmet",CHI,"TE48","10","-","-","2 out of 5 stars","-","+0.2","46% (7/15)"
"343",11,"Luke McCaffrey",WAS,"WR119","7","-","-","2 out of 5 stars","-","+0.3","55% (5/9)"
"344",11,"Brenen Thompson",LAC,"WR120","7","-","-","2 out of 5 stars","-","-","-"
"345",11,"Konata Mumpfield",LAR,"WR121","11","-","-","1 out of 5 stars","-","-0.6","20% (3/15)"
"346",11,"Noah Gray",KC,"TE49","5","-","-","4 out of 5 stars","-","-1.2","33% (5/15)"
"347",11,"J.J. McCarthy",MIN,"QB37","6","-","-","5 out of 5 stars","-","-1.0","55% (5/9)"
"348",11,"Bam Knight",ARI,"RB101","14","-","-","2 out of 5 stars","-","-","-"
"349",11,"Joshua Palmer",BUF,"WR122","7","-","-","4 out of 5 stars","-","-1.7","18% (2/11)"
"350",11,"Mac Jones",SF,"QB38","8","-","-","1 out of 5 stars","-69","+0.7","26% (4/15)"
"351",11,"Olamide Zaccheaus",ATL,"WR123","11","-","-","3 out of 5 stars","-","-0.6","40% (6/15)"
"352",11,"Max Klare",LAR,"TE50","11","-","-","4 out of 5 stars","-","-","-"
"353",11,"Jake Elliott",PHI,"K19","10","-","-","5 out of 5 stars","-109","-0.4","37% (6/16)"
"354",11,"Tyler Bass",BUF,"K20","7","-","-","2 out of 5 stars","-113","-","-"
"355",11,"Ja'Tavion Sanders",CAR,"TE51","5","-","-","2 out of 5 stars","-","-1.1","30% (4/13)"
"356",11,"Roman Wilson",PIT,"WR124","9","-","-","3 out of 5 stars","-","-","-"
"357",11,"Justin Fields",KC,"QB39","5","-","-","2 out of 5 stars","-","-","-"
"358",11,"Treylon Burks",WAS,"WR125","7","-","-","2 out of 5 stars","-","-0.5","50% (3/6)"
"359",11,"Malik Benson",LV,"WR126","13","-","-","2 out of 5 stars","-","-","-"
"360",11,"Ty Simpson",LAR,"QB40","11","-","-","3 out of 5 stars","-","-","-"
"361",11,"Jacob Saylors",DET,"RB102","6","-","-","5 out of 5 stars","-50","-","-"
"362",11,"Eli Heidenreich",PIT,"RB103","9","-","-","2 out of 5 stars","-","-","-"
"363",11,"Chris Brazzell II",CAR,"WR127","5","-","-","2 out of 5 stars","-","-","-"
"364",11,"Cedric Tillman",NO,"WR128","8","-","-","3 out of 5 stars","-","-2.0","33% (4/12)"
"365",11,"Carolina Panthers",CAR,"DST23","5","-","-","3 out of 5 stars","-","+1.0","43% (7/16)"
"366",11,"Roschon Johnson",CHI,"RB104","10","-","-","2 out of 5 stars","-","-0.8","16% (1/6)"
"367",11,"Kalif Raymond",CHI,"WR129","10","-","-","3 out of 5 stars","-","+0.9","50% (7/14)"
"368",11,"New York Giants",NYG,"DST24","8","-","-","1 out of 5 stars","-137","-1.8","25% (4/16)"
"369",11,"Zavion Thomas",CHI,"WR130","10","-","-","3 out of 5 stars","-","-","-"
"370",11,"Tampa Bay Buccaneers",TB,"DST25","10","-","-","4 out of 5 stars","-","-0.7","25% (4/16)"
"371",11,"KaVontae Turpin",DAL,"WR131","14","-","-","2 out of 5 stars","-","+0.9","42% (6/14)"
"372",11,"Michael Carter",TEN,"RB105","9","-","-","3 out of 5 stars","-","+0.3","50% (5/10)"
"373",11,"Raheim Sanders",CLE,"RB106","11","-","-","3 out of 5 stars","-","0.0","33% (1/3)"
"374",11,"Anthony Richardson Sr.",IND,"QB41","13","-","-","4 out of 5 stars","-","-0.1","16% (1/6)"
"375",11,"Trey Smack",GB,"K21","11","-","-","4 out of 5 stars","-172","-","-"
"376",11,"Savion Williams",GB,"WR132","11","-","-","5 out of 5 stars","-","-0.5","41% (5/12)"
"377",11,"Demarcus Robinson",SF,"WR133","8","-","-","2 out of 5 stars","-","-0.6","38% (5/13)"
"378",11,"Dont'e Thornton Jr.",LV,"WR134","13","-","-","2 out of 5 stars","-","-2.9","0% (0/14)"
"379",11,"Kevin Coleman Jr.",MIA,"WR135","6","-","-","3 out of 5 stars","-","-","-"
"380",11,"Rasheen Ali",BAL,"RB107","13","-","-","3 out of 5 stars","-","+0.5","35% (5/14)"
"381",11,"Tommy Tremble",CAR,"TE52","5","-","-","2 out of 5 stars","-","-0.3","31% (5/16)"
"382",11,"Ben Sinnott",WAS,"TE53","7","-","-","1 out of 5 stars","-","+0.1","40% (6/15)"
"383",11,"Noah Fant",NO,"TE54","8","-","-","2 out of 5 stars","-","-0.3","28% (4/14)"
"384",11,"Odell Beckham Jr.",NYG,"WR136","8","-","-","4 out of 5 stars","-113","-","-"
"385",11,"Tutu Atwell",LAR,"WR137","11","-","-","1 out of 5 stars","-83","-0.6","22% (2/9)"
"386",11,"Colbie Young",CIN,"WR138","6","-","-","4 out of 5 stars","-","-","-"
"387",11,"Joe Flacco",CIN,"QB42","6","-","-","3 out of 5 stars","-","+0.9","33% (5/15)"
"388",11,"CJ Daniels",LAR,"WR139","11","-","-","1 out of 5 stars","-","-","-"
"389",11,"J'Mari Taylor",JAC,"RB108","7","-","-","4 out of 5 stars","-","-","-"
"390",11,"Jaylin Lane",WAS,"WR140","7","-","-","2 out of 5 stars","-","-","-"
"391",11,"John Metchie III",CAR,"WR141","5","-","-","2 out of 5 stars","-","+0.1","33% (5/15)"
"392",11,"Kyle Juszczyk",SF,"RB109","8","-","-","2 out of 5 stars","-","-","-"
"393",11,"Sione Vaki",DET,"RB110","6","-","-","5 out of 5 stars","-","-","-"
"394",11,"Mitchell Evans",CAR,"TE55","5","-","-","2 out of 5 stars","-","+0.8","56% (9/16)"
"395",11,"Daniel Bellinger",TEN,"TE56","9","-","-","3 out of 5 stars","-","-","-"
"396",11,"Jawhar Jordan",HOU,"RB111","8","-","-","4 out of 5 stars","-","+0.1","50% (1/2)"
"397",11,"Jameis Winston",NYG,"QB43","8","-","-","4 out of 5 stars","-","+3.1","20% (1/5)"
"398",11,"Tennessee Titans",TEN,"DST26","9","-","-","2 out of 5 stars","-81","-0.2","37% (6/16)"
"399",11,"Justin Joly",FA,"TE57","-","-","-","-","-","-","-"
"400",11,"Jordan Whittington",LAR,"WR142","11","-","-","1 out of 5 stars","-","-1.2","18% (3/16)"
"401",11,"Marlin Klein",HOU,"TE58","8","-","-","4 out of 5 stars","-","-","-"
"402",11,"Marcus Mariota",WAS,"QB44","7","-","-","2 out of 5 stars","-","0.0","33% (5/15)"
"403",11,"Austin Ekeler",FA,"RB112","-","-","-","-","-150","-","-"
"404",11,"Daniel Carlson",NO,"K22","8","-","-","5 out of 5 stars","-","-1.0","31% (5/16)"
"405",11,"Barion Brown",NO,"WR143","8","-","-","3 out of 5 stars","-","-","-"
"406",11,"Zane Gonzalez",FA,"K23","-","-","-","-","-","+3.0","75% (6/8)"
"407",11,"Austin Hooper",ATL,"TE59","11","-","-","3 out of 5 stars","-","+0.2","46% (7/15)"
"408",11,"Cade Klubnik",NYJ,"QB45","13","-","-","4 out of 5 stars","-","-","-"
"409",11,"Elijah Higgins",ARI,"TE60","14","-","-","2 out of 5 stars","-","+0.1","43% (7/16)"
"410",11,"Ashton Dulin",IND,"WR144","13","-","-","4 out of 5 stars","-","-","-"
"411",11,"Jeremy McNichols",WAS,"RB113","7","-","-","4 out of 5 stars","-","-1.0","37% (6/16)"
"412",11,"Spencer Shrader",IND,"K24","13","-","-","4 out of 5 stars","-99","-","-"
"413",11,"Matt Hibner",BAL,"TE61","13","-","-","4 out of 5 stars","-","-","-"
"414",11,"Cincinnati Bengals",CIN,"DST27","6","-","-","4 out of 5 stars","-","-1.5","25% (4/16)"
"415",11,"Jonnu Smith",GB,"TE62","11","-","-","2 out of 5 stars","-","-1.0","25% (4/16)"
"416",11,"Luke Musgrave",GB,"TE63","11","-","-","2 out of 5 stars","-","-1.1","25% (4/16)"
"417",11,"Jam Miller",FA,"RB114","-","-","-","-","-","-","-"
"418",12,"Dylan Laube",LV,"RB115","13","-","-","2 out of 5 stars","-","-","-"
"419",12,"Nick Westbrook-Ikhine",FA,"WR145","-","-","-","-","-","-2.9","0% (0/13)"
"420",12,"Miami Dolphins",MIA,"DST28","6","-","-","3 out of 5 stars","-","+0.1","56% (9/16)"
"421",12,"Devontez Walker",BAL,"WR146","13","-","-","4 out of 5 stars","-","-","-"
"422",12,"Phil Mafah",FA,"RB116","-","-","-","-","-","-","-"
"423",12,"Blake Grupe",NYJ,"K25","13","-","-","2 out of 5 stars","-","+1.0","40% (6/15)"
"424",12,"Joe Milton III",DAL,"QB46","14","-","-","2 out of 5 stars","-","-0.1","7% (1/14)"
"425",12,"Corey Kiner",NE,"RB117","11","-","-","2 out of 5 stars","-","-0.9","50% (2/4)"
"426",12,"Tai Felton",MIN,"WR147","6","-","-","5 out of 5 stars","-","-","-"
"427",12,"Hunter Luepke",DAL,"RB118","14","-","-","4 out of 5 stars","-","-","-"
"428",12,"Ronnie Rivers",LAR,"RB119","11","-","-","5 out of 5 stars","-","-","-"
"429",12,"Dameon Pierce",PHI,"RB120","10","-","-","4 out of 5 stars","-","-0.9","25% (1/4)"
"430",12,"Jackson Hawes",BUF,"TE64","7","-","-","3 out of 5 stars","-","+1.2","56% (9/16)"
"431",12,"Adam Trautman",DEN,"TE65","10","-","-","4 out of 5 stars","-","-0.4","37% (6/16)"
"432",12,"Dyami Brown",WAS,"WR148","7","-","-","2 out of 5 stars","-","-1.5","27% (3/11)"
"433",12,"Tanner Koziol",JAC,"TE66","7","-","-","3 out of 5 stars","-","-","-"
"434",12,"Joey Slye",TEN,"K26","9","-","-","4 out of 5 stars","-","+2.7","66% (10/15)"
"435",12,"Brandon McManus",FA,"K27","-","-","-","-","-","+0.8","61% (8/13)"
"436",12,"Washington Commanders",WAS,"DST29","7","-","-","2 out of 5 stars","-","-1.7","37% (6/16)"
"437",12,"Nick Folk",ATL,"K28","11","-","-","0 out of 5 stars","-194","+1.2","50% (8/16)"
"438",12,"Las Vegas Raiders",LV,"DST30","13","-","-","4 out of 5 stars","-","-2.0","18% (3/16)"
"439",12,"Khalil Herbert",FA,"RB121","-","-","-","-","-","-","-"
"440",12,"Antonio Williams",FA,"RB122","-","-","-","-","-","-","-"
"441",12,"Deion Burks",IND,"WR149","13","-","-","4 out of 5 stars","-","-","-"
"442",12,"Reggie Gilliam",NE,"RB123","11","-","-","2 out of 5 stars","-","-","-"
"443",12,"Zach Ertz",FA,"TE67","-","-","-","-","-","-","-"
"444",12,"Damien Martinez",FA,"RB124","-","-","-","-","-","-","-"
"445",12,"AJ Dillon",CAR,"RB125","5","-","-","1 out of 5 stars","-","-0.3","28% (2/7)"
"446",12,"Tommy Myers",FA,"TE68","-","-","-","-","-","-","-"
"447",12,"Elijah Moore",PHI,"WR150","10","-","-","4 out of 5 stars","-","-","-"
"448",12,"Dohnte Meyers",CIN,"WR151","6","-","-","4 out of 5 stars","-","-","-"
"449",12,"Isaiah Williams",NYJ,"WR152","13","-","-","4 out of 5 stars","-","-","-"
"450",12,"John Bates",WAS,"TE69","7","-","-","1 out of 5 stars","-","-0.8","28% (4/14)"
"451",12,"Taylen Green",CLE,"QB47","11","-","-","4 out of 5 stars","-","-","-"
"452",12,"Josh Oliver",MIN,"TE70","6","-","-","4 out of 5 stars","-","+0.6","28% (4/14)"
"453",12,"Marquez Valdes-Scantling",FA,"WR153","-","-","-","-","-","-1.4","22% (2/9)"
"454",12,"Tanner Hudson",CIN,"TE71","6","-","-","3 out of 5 stars","-","-","-"
"455",12,"Jelani Woods",NYJ,"TE72","13","-","-","4 out of 5 stars","-","-","-"
"456",12,"Robert Henry Jr.",WAS,"RB126","7","-","-","4 out of 5 stars","-","-","-"
"457",12,"Chad Ryland",ARI,"K29","14","-","-","2 out of 5 stars","-","+0.8","53% (8/15)"
"458",12,"Ryan Fitzgerald",CAR,"K30","5","-","-","0 out of 5 stars","-","+0.1","43% (7/16)"
"459",12,"Ben Sauls",FA,"K31","-","-","-","-","-","+1.3","50% (1/2)"
"460",12,"Tyler Goodson",ATL,"RB127","11","-","-","2 out of 5 stars","-","-","-"
"461",12,"Isaiah Williams",FA,"WR154","-","-","-","-","-","-","-"
"462",12,"Riley Leonard",IND,"QB48","13","-","-","4 out of 5 stars","-","-0.4","0% (0/3)"
"463",12,"New York Jets",NYJ,"DST31","13","-","-","4 out of 5 stars","-","-2.6","25% (4/16)"
"464",12,"Tim Patrick",NYJ,"WR155","13","-","-","4 out of 5 stars","-","+1.0","46% (6/13)"
"465",12,"Josh Williams",TB,"RB128","10","-","-","2 out of 5 stars","-","-","-"
"466",12,"Jimmy Horn Jr.",CAR,"WR156","5","-","-","2 out of 5 stars","-","-","-"
"467",12,"Arizona Cardinals",ARI,"DST32","14","-","-","2 out of 5 stars","-","-0.8","31% (5/16)"
"468",12,"Antonio Gibson",FA,"RB129","-","-","-","-","-","-","-"
"469",12,"Max Bredeson",MIN,"RB130","6","-","-","4 out of 5 stars","-","-","-"
"470",12,"Terrell Jennings",FA,"RB131","-","-","-","-","-","-","-"
"471",12,"Jahdae Walker",CHI,"WR157","10","-","-","3 out of 5 stars","-","+4.9","100% (2/2)"
"472",12,"Greg Dortch",BUF,"WR158","7","-","-","4 out of 5 stars","-","+1.4","50% (6/12)"
"473",12,"Zavier Scott",CHI,"RB132","10","-","-","2 out of 5 stars","-","0.0","40% (6/15)"
"474",12,"Josh Cameron",JAC,"WR159","7","-","-","4 out of 5 stars","-","-","-"
"475",12,"Ameer Abdullah",JAC,"RB133","7","-","-","4 out of 5 stars","-","-","-"
"476",12,"Kalel Mullings",TEN,"RB134","9","-","-","3 out of 5 stars","-","-0.4","12% (1/8)"
"477",12,"Reggie Virgil",ARI,"WR160","14","-","-","2 out of 5 stars","-","-","-"
"478",12,"Alec Ingold",LAC,"RB135","7","-","-","3 out of 5 stars","-","-","-"
"479",12,"Tyler Badie",DEN,"RB136","10","-","-","2 out of 5 stars","-","-0.6","40% (6/15)"
"480",12,"Julius Chestnut",TEN,"RB137","9","-","-","3 out of 5 stars","-","-0.6","18% (3/16)"
"481",12,"Patrick Ricard",NYG,"RB138","8","-","-","4 out of 5 stars","-","-","-"
"482",12,"Jonathan Mingo",DAL,"WR161","14","-","-","2 out of 5 stars","-","-0.6","25% (1/4)"
"483",12,"Will Kacmarek",MIA,"TE73","6","-","-","5 out of 5 stars","-","-","-"
"484",12,"Lil'Jordan Humphrey",DEN,"WR162","10","-","-","2 out of 5 stars","-","-0.2","37% (3/8)"
"485",12,"Jordan Watkins",SF,"WR163","8","-","-","2 out of 5 stars","-","-","-"
"486",12,"Mo Alie-Cox",IND,"TE74","13","-","-","3 out of 5 stars","-","-","-"
"487",12,"Sam Roush",CHI,"TE75","10","-","-","2 out of 5 stars","-","-","-"
"488",12,"Brock Wright",DET,"TE76","6","-","-","3 out of 5 stars","-","0.0","27% (3/11)"
"489",12,"Scotty Miller",CHI,"WR164","10","-","-","3 out of 5 stars","-","-","-"
"490",12,"Nate Adkins",DEN,"TE77","10","-","-","4 out of 5 stars","-","-","-"
"491",12,"Nate Boerkircher",JAC,"TE78","7","-","-","3 out of 5 stars","-","-","-"
"492",12,"Luke Schoonmaker",DAL,"TE79","14","-","-","2 out of 5 stars","-","-","-"
"493",12,"Drew Sample",CIN,"TE80","6","-","-","3 out of 5 stars","-","-0.2","25% (4/16)"
"494",12,"Josh Cuevas",BAL,"TE81","13","-","-","4 out of 5 stars","-","-","-"
"495",12,"Tyler Conklin",DET,"TE82","6","-","-","3 out of 5 stars","-","-1.4","23% (3/13)"
"496",12,"Chris Blair",ATL,"WR165","11","-","-","3 out of 5 stars","-","-","-"
"497",12,"Durham Smythe",BAL,"TE83","13","-","-","4 out of 5 stars","-","-","-"
"498",12,"DeAndre Hopkins",BAL,"WR166","13","-","-","4 out of 5 stars","-","-0.5","31% (5/16)"
"499",12,"Tyrod Taylor",GB,"QB49","11","-","-","4 out of 5 stars","-","-0.3","30% (4/13)"
"500",12,"Miles Sanders",FA,"RB139","-","-","-","-","-","-","-"
"501",12,"Moliki Matavao",NO,"TE84","8","-","-","2 out of 5 stars","-","-","-"
"502",12,"Dominic Zvada",NYG,"K32","8","-","-","2 out of 5 stars","-","-","-"
"503",12,"Will Dissly",FA,"TE85","-","-","-","-","-","-0.7","25% (2/8)"
"504",12,"Drew Stevens",WAS,"K33","7","-","-","5 out of 5 stars","-","-","-"
"505",12,"Jake Moody",BAL,"K34","13","-","-","3 out of 5 stars","-","+2.9","62% (5/8)"
"506",12,"Kaden Wetjen",PIT,"WR167","9","-","-","3 out of 5 stars","-","-","-"
"507",12,"Kene Nwangwu",NYJ,"RB140","13","-","-","3 out of 5 stars","-","-","-"
"508",12,"Brittain Brown",CHI,"RB141","10","-","-","2 out of 5 stars","-","-","-"
"509",12,"Nathan Carter",KC,"RB142","5","-","-","3 out of 5 stars","-","-","-"
"510",12,"Mitch Tinsley",HOU,"WR168","8","-","-","3 out of 5 stars","-","-","-"
"511",12,"Xavier Smith",LAR,"WR169","11","-","-","1 out of 5 stars","-","+0.9","40% (4/10)"
"512",12,"Zamir White",NO,"RB143","8","-","-","3 out of 5 stars","-","-1.2","0% (0/5)"
"513",12,"Travis Homer",PIT,"RB144","9","-","-","2 out of 5 stars","-","-","-"
"514",12,"Tyler Lockett",LV,"WR170","13","-","-","2 out of 5 stars","-","-0.5","37% (6/16)"
"515",12,"Ben Sims",MIA,"TE86","6","-","-","5 out of 5 stars","-","-","-"
"516",12,"Brycen Tremayne",CAR,"WR171","5","-","-","2 out of 5 stars","-","-","-"
"517",13,"KeAndre Lambert-Smith",LAC,"WR172","7","-","-","2 out of 5 stars","-","-0.2","22% (2/9)"
"518",13,"Donovan Edwards",FA,"RB145","-","-","-","-","-","-","-"
"519",13,"Jalen Brooks",ARI,"WR173","14","-","-","2 out of 5 stars","-","-","-"
"520",13,"Efton Chism III",NE,"WR174","11","-","-","2 out of 5 stars","-","-","-"
"521",13,"Craig Reynolds",WAS,"RB146","7","-","-","4 out of 5 stars","-","-","-"
"522",13,"Xavier Restrepo",TEN,"WR175","9","-","-","3 out of 5 stars","-","-","-"
"523",13,"Drake Dabney",GB,"TE87","11","-","-","2 out of 5 stars","-","-","-"
"524",13,"Tom Kennedy",DET,"WR176","6","-","-","4 out of 5 stars","-","-","-"
"525",13,"Tay Martin",DET,"WR177","6","-","-","4 out of 5 stars","-","-","-"
"526",13,"Jake Bobo",SEA,"WR178","11","-","-","3 out of 5 stars","-","-","-"
"527",13,"Michael Trigg",DAL,"TE88","14","-","-","2 out of 5 stars","-","-","-"
"528",13,"Noah Brown",FA,"WR179","-","-","-","-","-","-","-"
"529",13,"Jalen Milroe",SEA,"QB50","11","-","-","4 out of 5 stars","-","-1.8","0% (0/3)"
"530",13,"Kaleb Jackson",FA,"RB147","-","-","-","-","-","-","-"
"531",13,"JuJu Smith-Schuster",FA,"WR180","-","-","-","-","-","-0.8","37% (6/16)"
"532",13,"Bauer Sharp",TB,"TE89","10","-","-","2 out of 5 stars","-","-","-"
"533",13,"Jared Wayne",HOU,"WR181","8","-","-","3 out of 5 stars","-","-","-"
"534",13,"Foster Moreau",HOU,"TE90","8","-","-","4 out of 5 stars","-","-1.5","18% (2/11)"
"535",13,"Luke Farrell",SF,"TE91","8","-","-","3 out of 5 stars","-","-","-"
"536",13,"Cade Stover",HOU,"TE92","8","-","-","4 out of 5 stars","-","-0.4","37% (3/8)"
"537",13,"Seydou Traore",MIA,"TE93","6","-","-","5 out of 5 stars","-","-","-"
"538",13,"Jeremy Ruckert",NYJ,"TE94","13","-","-","4 out of 5 stars","-","-0.1","43% (7/16)"
"539",13,"Curtis Samuel",FA,"WR182","-","-","-","-","-","-0.1","20% (1/5)"
"540",13,"Charlie Woerner",ATL,"TE95","11","-","-","3 out of 5 stars","-","-","-"
"541",13,"Josh Whyle",GB,"TE96","11","-","-","2 out of 5 stars","-","-","-"
"542",13,"Joe Royer",CLE,"TE97","11","-","-","3 out of 5 stars","-","-","-"
"543",13,"Brevyn Spann-Ford",DAL,"TE98","14","-","-","2 out of 5 stars","-","-","-"
"544",13,"Jake Browning",FA,"QB51","-","-","-","-","-","+0.9","27% (3/11)"
"545",13,"Jared Wiley",KC,"TE99","5","-","-","4 out of 5 stars","-","-0.3","0% (0/3)"
"546",13,"Miles Kitselman",FA,"TE100","-","-","-","-","-","-","-"
"547",13,"Johnny Mundt",PHI,"TE101","10","-","-","4 out of 5 stars","-","-","-"
"548",13,"Drew Ogletree",IND,"TE102","13","-","-","3 out of 5 stars","-","-","-"
"549",13,"Jermaine Burton",FA,"WR183","-","-","-","-","-","-","-"
"550",13,"Mecole Hardman Jr.",FA,"WR184","-","-","-","-","-","-","-"
"551",13,"Riley Nowakowski",PIT,"TE103","9","-","-","2 out of 5 stars","-","-","-"
"552",13,"Jalen Reagor",FA,"WR185","-","-","-","-","-","-","-"
"553",13,"Payne Durham",TB,"TE104","10","-","-","2 out of 5 stars","-","-","-"
"554",13,"Khalil Dinkins",SF,"TE105","8","-","-","3 out of 5 stars","-","-","-"
"555",13,"Jaydn Ott",KC,"RB148","5","-","-","3 out of 5 stars","-","-","-"
"556",13,"Eric Saubert",SEA,"TE106","11","-","-","3 out of 5 stars","-","-","-"
"557",13,"Tyson Bagent",CHI,"QB52","10","-","-","3 out of 5 stars","-","-0.2","15% (2/13)"
"558",13,"Carsen Ryan",CLE,"TE107","11","-","-","3 out of 5 stars","-","-","-"
"559",13,"Quinn Ewers",JAC,"QB53","7","-","-","4 out of 5 stars","-","-2.6","50% (1/2)"
"560",13,"Ian Thomas",LV,"TE108","13","-","-","3 out of 5 stars","-","-","-"
"561",13,"Alexander Mattison",FA,"RB149","-","-","-","-","-","-","-"
"562",13,"Davis Allen",LAR,"TE109","11","-","-","4 out of 5 stars","-","+0.2","37% (6/16)"
"563",13,"Gardner Minshew II",ARI,"QB54","14","-","-","2 out of 5 stars","-","-","-"
"564",13,"Cooper Rush",ATL,"QB55","11","-","-","4 out of 5 stars","-","-4.8","16% (1/6)"
"565",13,"Connor Heyward",LV,"TE110","13","-","-","3 out of 5 stars","-","-","-"
"566",13,"Jacob Cowing",SF,"WR186","8","-","-","2 out of 5 stars","-","-","-"
"567",13,"Trey Lance",LAC,"QB56","7","-","-","2 out of 5 stars","-","+0.1","21% (3/14)"
"568",13,"Casey Washington",CAR,"WR187","5","-","-","2 out of 5 stars","-","-","-"
"569",13,"Lew Nichols III",PIT,"RB150","9","-","-","2 out of 5 stars","-","-","-"
"570",13,"Lan Larison",NE,"RB151","11","-","-","2 out of 5 stars","-","-","-"
"571",13,"Hunter Long",ARI,"TE111","14","-","-","2 out of 5 stars","-","+0.6","33% (3/9)"
"572",13,"Grant Calcaterra",PHI,"TE112","10","-","-","4 out of 5 stars","-","-0.9","28% (4/14)"
"573",13,"Blake Whiteheart",CLE,"TE113","11","-","-","3 out of 5 stars","-","-","-"
"574",13,"Will Mallory",IND,"TE114","13","-","-","3 out of 5 stars","-","-","-"
"575",13,"Kylen Granson",TEN,"TE115","9","-","-","3 out of 5 stars","-","-","-"
"576",13,"Noah Whittington",HOU,"RB152","8","-","-","4 out of 5 stars","-","-","-"
"577",13,"Jaren Kanak",TEN,"TE116","9","-","-","3 out of 5 stars","-","-","-"
"578",13,"Myles Montgomery",FA,"RB153","-","-","-","-","-","-","-"
"579",13,"Pharaoh Brown",IND,"TE117","13","-","-","3 out of 5 stars","-","-","-"
"580",13,"Chris Manhertz",NYG,"TE118","8","-","-","3 out of 5 stars","-","-","-"
"581",13,"Brandin Cooks",FA,"WR188","-","-","-","-","-","-1.2","20% (3/15)"
"582",13,"Gavin Bartholomew",MIN,"TE119","6","-","-","4 out of 5 stars","-","-","-"
"583",13,"Josiah Deguara",FA,"TE120","-","-","-","-","-","-","-"
"584",13,"Cam Akers",FA,"RB154","-","-","-","-","-","-","-"
"585",13,"Michael Burton",CLE,"RB155","11","-","-","3 out of 5 stars","-","-","-"
"586",13,"Colson Yankoff",WAS,"TE121","7","-","-","1 out of 5 stars","-","-","-"
"587",13,"Ulysses Bentley IV",FA,"RB156","-","-","-","-","-","-","-"
"588",13,"Ahmani Marshall",CAR,"RB157","5","-","-","1 out of 5 stars","-","-","-"
"589",13,"Lucas Krull",DEN,"TE122","10","-","-","4 out of 5 stars","-","-","-"
"590",13,"Tim Jones",JAC,"WR189","7","-","-","4 out of 5 stars","-","-","-"
"591",13,"Teagan Quitoriano",ARI,"TE123","14","-","-","2 out of 5 stars","-","-","-"
"592",13,"Myles Price",MIN,"WR190","6","-","-","5 out of 5 stars","-","-","-"
"593",13,"Dallen Bentley",DEN,"TE124","10","-","-","4 out of 5 stars","-","-","-"
"594",13,"Miles Davis",FA,"RB158","-","-","-","-","-","-","-"
"595",13,"Darius Cooper",PHI,"WR191","10","-","-","4 out of 5 stars","-","-","-"
"596",13,"Devin Culp",FA,"TE125","-","-","-","-","-","-","-"
"597",13,"Jordan Akins",FA,"TE126","-","-","-","-","-","-","-"
"598",13,"Jason Sanders",FA,"K35","-","-","-","-","-","-","-"
"599",13,"Stone Smartt",NO,"TE127","8","-","-","2 out of 5 stars","-","0.0","7% (1/13)"
"600",13,"Theo Wease Jr.",LAC,"WR192","7","-","-","2 out of 5 stars","-","+11.4","100% (1/1)"
"601",13,"Harrison Bryant",FA,"TE128","-","-","-","-","-","-","-"
"602",13,"Jermar Jefferson",MIN,"RB159","6","-","-","4 out of 5 stars","-","-","-"
"603",13,"Nick Kallerup",SEA,"TE129","11","-","-","3 out of 5 stars","-","-","-"
"604",13,"Sterling Shepard",FA,"WR193","-","-","-","-","-","-0.5","38% (5/13)"
"605",13,"CJ Donaldson",NO,"RB160","8","-","-","3 out of 5 stars","-","-","-"
"606",13,"Brayden Willis",SF,"TE130","8","-","-","3 out of 5 stars","-","-","-"
"607",13,"Desmond Reid",FA,"RB161","-","-","-","-","-","-","-"
"608",13,"Carter Runyon",LV,"TE131","13","-","-","3 out of 5 stars","-","-","-"
"609",13,"Quintin Morris",JAC,"TE132","7","-","-","3 out of 5 stars","-","-","-"
"610",13,"Jack Stoll",FA,"TE133","-","-","-","-","-","-","-"
"611",13,"Montorie Foster Jr.",SEA,"WR194","11","-","-","3 out of 5 stars","-","-","-"
"612",13,"Jake Briningstool",KC,"TE134","5","-","-","4 out of 5 stars","-","-","-"
"613",13,"James Mitchell",FA,"TE135","-","-","-","-","-","-","-"
"614",13,"Braylon James",FA,"WR195","-","-","-","-","-","-","-"
"615",13,"Laquon Treadwell",IND,"WR196","13","-","-","4 out of 5 stars","-","-","-"
"616",13,"Noah Togiai",FA,"TE136","-","-","-","-","-","-","-"
"617",13,"Ja'Quinden Jackson",FA,"RB162","-","-","-","-","-","-","-"
"618",13,"Jeshaun Jones",MIN,"WR197","6","-","-","5 out of 5 stars","-","-","-"
"619",13,"Zach Gentry",FA,"TE137","-","-","-","-","-","-","-"
"620",13,"J. Michael Sturdivant",GB,"WR198","11","-","-","5 out of 5 stars","-","-","-"
"621",13,"Peyton Hendershot",FA,"TE138","-","-","-","-","-","-","-"
"622",13,"Diontae Johnson",FA,"WR199","-","-","-","-","-","-","-"
"623",13,"Michael Woods II",DEN,"WR200","10","-","-","2 out of 5 stars","-","-","-"
"624",13,"Nick Vannett",BAL,"TE139","13","-","-","4 out of 5 stars","-","-","-"
"625",13,"CJ Dippre",TB,"TE140","10","-","-","2 out of 5 stars","-","-","-"
"626",13,"Frank Gore Jr.",BUF,"RB163","7","-","-","2 out of 5 stars","-","-","-"
"627",13,"Michael Briscoe",MIN,"WR201","6","-","-","5 out of 5 stars","-","-","-"
"628",13,"Adam Prentice",DEN,"RB164","10","-","-","2 out of 5 stars","-","-","-"
"629",13,"Will Levis",FA,"QB57","-","-","-","-","-","-","-"
"630",13,"Bo Melton",GB,"WR202","11","-","-","5 out of 5 stars","-","-","-"
"631",13,"Kenny McIntosh",FA,"RB165","-","-","-","-","-","-","-"
"632",13,"Trayveon Williams",FA,"RB166","-","-","-","-","-","-0.5","40% (2/5)"
"633",13,"Joshua Cephus",FA,"WR203","-","-","-","-","-","-","-"
"634",13,"Deontay Burnett",FA,"WR204","-","-","-","-","-","-","-"
"635",13,"Jashaun Corbin",FA,"RB167","-","-","-","-","-","-","-"
"636",13,"Zack Moss",FA,"RB168","-","-","-","-","-","-","-"
"637",13,"DeeJay Dallas",MIN,"RB169","6","-","-","4 out of 5 stars","-","-","-"
"638",13,"Mason Tipton",NO,"WR205","8","-","-","3 out of 5 stars","-","-1.0","33% (3/9)"
"639",14,"Kevin Austin Jr.",NO,"WR206","8","-","-","3 out of 5 stars","-","+0.5","25% (1/4)"
"640",14,"Albert Okwuegbunam Jr.",LV,"TE141","13","-","-","3 out of 5 stars","-","-","-"
"641",14,"Tyrell Shavers",BUF,"WR207","7","-","-","4 out of 5 stars","-","+0.7","43% (7/16)"
"642",14,"Jack Westover",WAS,"TE142","7","-","-","1 out of 5 stars","-","-","-"
"643",14,"Raheem Mostert",LV,"RB170","13","-","-","2 out of 5 stars","-","-1.2","16% (2/12)"
"644",14,"Gary Brightwell",FA,"RB171","-","-","-","-","-","-","-"
"645",14,"Emmanuel Henderson Jr.",SEA,"WR208","11","-","-","3 out of 5 stars","-","-","-"
"646",14,"Kameron Johnson",TB,"WR209","10","-","-","4 out of 5 stars","-","-","-"
"647",14,"Anthony Gould",FA,"WR210","-","-","-","-","-","-","-"
"648",14,"Arian Smith",NYJ,"WR211","13","-","-","4 out of 5 stars","-","-1.9","7% (1/14)"
"649",14,"Dominic Lovett",DET,"WR212","6","-","-","4 out of 5 stars","-","-","-"
"650",14,"Tyrion Davis-Price",FA,"RB172","-","-","-","-","-","-","-"
"651",14,"Derius Davis",LAC,"WR213","7","-","-","2 out of 5 stars","-","-","-"
"652",14,"Avery Williams",FA,"RB173","-","-","-","-","-","-","-"
"653",14,"Jack Endries",CIN,"TE143","6","-","-","3 out of 5 stars","-","-","-"
"654",14,"Julian Hicks",SEA,"WR214","11","-","-","3 out of 5 stars","-","-","-"
"655",14,"David Moore",CAR,"WR215","5","-","-","2 out of 5 stars","-","-","-"
"656",14,"Andrew Beck",NYJ,"TE144","13","-","-","4 out of 5 stars","-","-","-"
"657",14,"D'Onta Foreman",FA,"RB174","-","-","-","-","-","-","-"
"658",14,"Dare Ogunbowale",LV,"RB175","13","-","-","2 out of 5 stars","-","-0.3","25% (4/16)"
"659",14,"David Sills V",TB,"WR216","10","-","-","4 out of 5 stars","-","-0.3","33% (4/12)"
"660",14,"Hassan Haskins",NE,"RB176","11","-","-","2 out of 5 stars","-","-1.8","10% (1/10)"
"661",14,"Xavier Weaver",FA,"WR217","-","-","-","-","-","-1.0","25% (1/4)"
"662",14,"Anthony Smith",DAL,"WR218","14","-","-","2 out of 5 stars","-","-","-"
"663",14,"Dante Miller",FA,"RB177","-","-","-","-","-","-","-"
"664",14,"CJ Williams",JAC,"WR219","7","-","-","4 out of 5 stars","-","-","-"
"665",14,"Trey Sermon",ATL,"RB178","11","-","-","2 out of 5 stars","-","-","-"
"666",14,"Taysom Hill",FA,"TE145","-","-","-","-","-","+0.4","50% (6/12)"
"667",14,"Tylan Wallace",CLE,"WR220","11","-","-","3 out of 5 stars","-","-","-"
"668",14,"D'Ernest Johnson",FA,"RB179","-","-","-","-","-","-1.1","0% (0/3)"
"669",14,"Montrell Johnson Jr.",FA,"RB180","-","-","-","-","-","-","-"
"670",14,"Kendrick Law",DET,"WR221","6","-","-","4 out of 5 stars","-","-","-"
"671",14,"Nikko Remigio",KC,"WR222","5","-","-","2 out of 5 stars","-","-","-"
"672",14,"Drew Allar",PIT,"QB58","9","-","-","2 out of 5 stars","-","-","-"
"673",14,"Wendell Smallwood",FA,"RB181","-","-","-","-","-","-","-"
"674",14,"Davis Mills",HOU,"QB59","8","-","-","4 out of 5 stars","-","+1.3","28% (4/14)"
"675",14,"Jonathan Williams",FA,"RB182","-","-","-","-","-","-","-"
"676",14,"Trenton Irwin",FA,"WR223","-","-","-","-","-","-","-"
"677",14,"Dillon Gabriel",CLE,"QB60","11","-","-","4 out of 5 stars","-","-0.4","30% (4/13)"
"678",14,"Nick Bawden",FA,"RB183","-","-","-","-","-","-","-"
"679",14,"Lewis Bond",HOU,"WR224","8","-","-","3 out of 5 stars","-","-","-"
"680",14,"Spencer Rattler",NO,"QB61","8","-","-","3 out of 5 stars","-","-0.9","20% (3/15)"
"681",14,"Jarrett Stidham",DEN,"QB62","10","-","-","3 out of 5 stars","-","-","-"
"682",14,"Dillon Johnson",FA,"RB184","-","-","-","-","-","-","-"
"683",14,"KhaDarel Hodge",SF,"WR225","8","-","-","2 out of 5 stars","-","-","-"
"684",14,"Skyy Moore",GB,"WR226","11","-","-","5 out of 5 stars","-","-","-"
"685",14,"Mitchell Trubisky",TEN,"QB63","9","-","-","3 out of 5 stars","-","-","-"
"686",14,"Jamari Thrash",CLE,"WR227","11","-","-","3 out of 5 stars","-","-","-"
"687",14,"Chase Edmonds",WAS,"RB185","7","-","-","4 out of 5 stars","-","-","-"
"688",14,"Raheem Blackshear",FA,"RB186","-","-","-","-","-","-","-"
"689",14,"Collin Hill",FA,"QB64","-","-","-","-","-","-","-"
"690",14,"Samori Toure",FA,"WR228","-","-","-","-","-","-","-"
"691",14,"Andy Dalton",PHI,"QB65","10","-","-","5 out of 5 stars","-","-0.6","14% (2/14)"
"692",14,"Sam Howell",DAL,"QB66","14","-","-","2 out of 5 stars","-","-0.5","0% (0/1)"
"693",14,"Jonathan Ward",BAL,"RB187","13","-","-","3 out of 5 stars","-","-","-"
"694",14,"Joshua Dobbs",DET,"QB67","6","-","-","5 out of 5 stars","-","-","-"
"695",14,"Marcus Yarns",FA,"RB188","-","-","-","-","-","-","-"
"696",14,"Mason Rudolph",PIT,"QB68","9","-","-","2 out of 5 stars","-","-0.3","14% (2/14)"
"697",14,"Patrick Taylor Jr.",FA,"RB189","-","-","-","-","-394","-","-"
"698",14,"Hendon Hooker",TEN,"QB69","9","-","-","3 out of 5 stars","-","-","-"
"699",14,"Jimmy Garoppolo",LAR,"QB70","11","-","-","3 out of 5 stars","-","-0.5","0% (0/14)"
"700",14,"Brady Cook",FA,"QB71","-","-","-","-","-","-1.5","50% (2/4)"
"701",14,"Tommy DeVito",NE,"QB72","11","-","-","2 out of 5 stars","-","-","-"
"702",14,"Chris Oladokun",KC,"QB73","5","-","-","2 out of 5 stars","-","-","-"
"703",14,"Ben Yurosek",MIN,"TE146","6","-","-","4 out of 5 stars","-","-","-"
"704",14,"Kyle Trask",FA,"QB74","-","-","-","-","-","-","-"
"705",14,"Nick Mullens",JAC,"QB75","7","-","-","4 out of 5 stars","-","-","-"
"706",14,"Tahj Washington",FA,"WR229","-","-","-","-","-","-","-"
"707",14,"Thomas Fidone II",NYG,"TE147","8","-","-","3 out of 5 stars","-","-","-"
"708",14,"Britain Covey",FA,"WR230","-","-","-","-","-","-","-"
"709",14,"Ke'Shawn Williams",CIN,"WR231","6","-","-","4 out of 5 stars","-","-","-"
"710",14,"Cole Payton",PHI,"QB76","10","-","-","5 out of 5 stars","-","-","-"
"711",14,"Tip Reiman",ARI,"TE148","14","-","-","2 out of 5 stars","-","-","-"
"712",14,"Zach Wilson",NO,"QB77","8","-","-","3 out of 5 stars","-","-0.3","9% (1/11)"
"713",14,"Dorian Thompson-Robinson",FA,"QB78","-","-","-","-","-","-","-"
"714",14,"Brandon Allen",FA,"QB79","-","-","-","-","-","-","-"
"715",14,"Garrett Nussmeier",KC,"QB80","5","-","-","2 out of 5 stars","-","-","-"
"716",14,"Charlie Jones",NYG,"WR232","8","-","-","4 out of 5 stars","-","-","-"
"717",14,"Brevin Jordan",HOU,"TE149","8","-","-","4 out of 5 stars","-","-","-"
"718",14,"Matt Barkley",FA,"QB81","-","-","-","-","-","-","-"
"719",14,"Aidan O'Connell",LV,"QB82","13","-","-","1 out of 5 stars","-","-0.1","0% (0/1)"
"720",14,"Tyler Johnson",FA,"WR233","-","-","-","-","-","-0.6","25% (3/12)"
"721",14,"Devin Leary",FA,"QB83","-","-","-","-","-","-","-"
"722",14,"Kurtis Rourke",SF,"QB84","8","-","-","1 out of 5 stars","-","-","-"
"723",14,"Desmond Ridder",FA,"QB85","-","-","-","-","-","-","-"
"724",14,"Jabari Small",FA,"RB190","-","-","-","-","-","-","-"
"725",14,"LaJohntay Wester",BAL,"WR234","13","-","-","4 out of 5 stars","-","-","-"
"726",14,"Roman Hemby",LV,"RB191","13","-","-","2 out of 5 stars","-","-","-"
"727",14,"Matt Corral",FA,"QB86","-","-","-","-","-","-","-"
"728",14,"Case Keenum",CHI,"QB87","10","-","-","3 out of 5 stars","-","-","-"
"729",14,"Ronnie Bell",FA,"WR235","-","-","-","-","-","-","-"
"730",14,"Athan Kaliakmanis",WAS,"QB88","7","-","-","2 out of 5 stars","-","-","-"
"731",14,"Gage Larvadain",FA,"WR236","-","-","-","-","-","-","-"
"732",14,"Allen Lazard",FA,"WR237","-","-","-","-","-","-","-"
"733",14,"Behren Morton",NE,"QB89","11","-","-","2 out of 5 stars","-","-","-"
"734",14,"Graham Mertz",HOU,"QB90","8","-","-","4 out of 5 stars","-","-","-"
"735",14,"Jaret Patterson",FA,"RB192","-","-","-","-","-","+0.3","33% (2/6)"
"736",14,"Seth Henigan",FA,"QB91","-","-","-","-","-","-","-"
"737",14,"Max Brosmer",MIN,"QB92","6","-","-","5 out of 5 stars","-","-1.8","20% (2/10)"
"738",14,"Brett Rypien",FA,"QB93","-","-","-","-","-","-","-"
"739",14,"Keleki Latu",BUF,"TE150","7","-","-","3 out of 5 stars","-","-","-"
"740",14,"Malik Taylor",FA,"WR238","-","-","-","-","-","-","-"
"741",14,"Brandon Powell",FA,"WR239","-","-","-","-","-","-","-"
"742",14,"Hayden Large",CHI,"TE151","10","-","-","2 out of 5 stars","-","-","-"
"743",14,"Shedrick Jackson",FA,"WR240","-","-","-","-","-","-","-"
"744",14,"Quez Watkins",FA,"WR241","-","-","-","-","-","-","-"
"745",14,"Nick Nash",FA,"WR242","-","-","-","-","-","-","-"
"746",14,"Quali Conley",FA,"RB193","-","-","-","-","-","-","-"
"747",14,"Bisi Johnson",FA,"WR243","-","-","-","-","-","-","-"
"748",14,"Jackson Meeks",DET,"WR244","6","-","-","4 out of 5 stars","-","-","-"
"749",14,"Byron Pringle",FA,"WR245","-","-","-","-","-","-","-"
"750",14,"Tru Edwards",FA,"WR246","-","-","-","-","-","-","-"
"751",14,"Alex Bachman",LAR,"WR247","11","-","-","1 out of 5 stars","-","-","-"
"752",14,"Laviska Shenault Jr.",FA,"WR248","-","-","-","-","-","-","-"
"753",14,"Julian Hill",NE,"TE152","11","-","-","4 out of 5 stars","-","-","-"
"754",14,"Roc Taylor",FA,"WR249","-","-","-","-","-","-","-"
"755",14,"Trent Sherfield Sr.",BUF,"WR250","7","-","-","4 out of 5 stars","-","-","-"
"756",14,"Jalin Hyatt",NYG,"WR251","8","-","-","4 out of 5 stars","-","-","-"
"757",14,"Johnny Wilson",PHI,"WR252","10","-","-","4 out of 5 stars","-","-","-"
"758",14,"Xavier Gipson",FA,"WR253","-","-","-","-","-","-","-"
"759",14,"Ainias Smith",FA,"WR254","-","-","-","-","-","-","-"
"760",14,"Rakim Jarrett",FA,"WR255","-","-","-","-","-","-","-"
"761",14,"James Proche II",FA,"WR256","-","-","-","-","-","-","-"
"762",14,"Javon Baker",FA,"WR257","-","-","-","-","-","-","-"
"763",14,"Trishton Jackson",FA,"WR258","-","-","-","-","-","-","-"
"764",14,"Jaheim Bell",FA,"TE153","-","-","-","-","-","-","-"
"765",14,"Van Jefferson",FA,"WR259","-","-","-","-","-","-0.1","37% (6/16)"
"766",14,"Equanimeous St. Brown",FA,"WR260","-","-","-","-","-","-","-"
"767",15,"Ben Skowronek",PIT,"WR261","9","-","-","3 out of 5 stars","-","-","-"
"768",15,"Pierre Strong Jr.",GB,"RB194","11","-","-","4 out of 5 stars","-","-","-"
"769",15,"Tanner Conner",FA,"TE154","-","-","-","-","-","-","-"
"770",15,"Cole Turner",MIA,"TE155","6","-","-","5 out of 5 stars","-","-","-"
"771",15,"Justin Watson",FA,"WR262","-","-","-","-","-","-","-"
"772",15,"Terion Stewart",FA,"RB195","-","-","-","-","-","-","-"
"773",15,"Gus Edwards",FA,"RB196","-","-","-","-","-","-","-"
"774",15,"Michael Bandy",DEN,"WR263","10","-","-","2 out of 5 stars","-","-","-"
"775",15,"Malachi Corley",CLE,"WR264","11","-","-","3 out of 5 stars","-","-0.4","33% (3/9)"
"776",15,"Cedrick Wilson Jr.",FA,"WR265","-","-","-","-","-","-","-"
"777",15,"Jamal Haynes",FA,"RB197","-","-","-","-","-","-","-"
"778",15,"Ko Kieft",TB,"TE156","10","-","-","2 out of 5 stars","-","-","-"
"779",15,"Jeff Wilson Jr.",FA,"RB198","-","-","-","-","-","-","-"
"780",15,"Chip Trayanum",NYJ,"RB199","13","-","-","3 out of 5 stars","-","-","-"
"781",15,"Eric Gray",FA,"RB200","-","-","-","-","-","-","-"
"782",15,"Darrynton Evans",FA,"RB201","-","-","-","-","-","-","-"
"783",15,"Devin Duvernay",ARI,"WR266","14","-","-","2 out of 5 stars","-","-","-"
"784",15,"Royce Freeman",FA,"RB202","-","-","-","-","-","-","-"
"785",15,"Clyde Edwards-Helaire",FA,"RB203","-","-","-","-","-498","-","-"
"786",15,"Isaiah Hodgins",FA,"WR267","-","-","-","-","-","-1.5","33% (2/6)"
"787",15,"Dareke Young",LV,"WR268","13","-","-","2 out of 5 stars","-","-","-"
"788",15,"Velus Jones Jr.",SEA,"WR269","11","-","-","3 out of 5 stars","-","-","-"
"789",15,"JaMycal Hasty",FA,"RB204","-","-","-","-","-","-","-"
"790",15,"Coleman Owen",IND,"WR270","13","-","-","4 out of 5 stars","-","-","-"
"791",15,"Simi Fehoko",ARI,"WR271","14","-","-","2 out of 5 stars","-","-","-"
"792",15,"Michael Wortham",JAC,"WR272","7","-","-","4 out of 5 stars","-","-","-"
"793",15,"Myles Gaskin",FA,"RB205","-","-","-","-","-","-","-"
"794",15,"Camden Brown",DAL,"WR273","14","-","-","2 out of 5 stars","-","-","-"
"795",15,"Sean McKeon",IND,"TE157","13","-","-","3 out of 5 stars","-","-","-"
"796",15,"Gabe Davis",FA,"WR274","-","-","-","-","-","-","-"
"797",15,"Ricky White III",SEA,"WR275","11","-","-","3 out of 5 stars","-","-","-"
"798",15,"Vinny Anthony II",ATL,"WR276","11","-","-","3 out of 5 stars","-","-","-"
"799",15,"Kendric Pryor",FA,"WR277","-","-","-","-","-","-","-"
"800",15,"Logan Thomas",FA,"TE158","-","-","-","-","-","-","-"
"801",15,"Braxton Berrios",NYG,"WR278","8","-","-","4 out of 5 stars","-","-","-"
"802",15,"Juice Wells Jr.",FA,"WR279","-","-","-","-","-","-","-"
"803",15,"Ross Dwelley",FA,"TE159","-","-","-","-","-","-","-"
"804",15,"Ryan Griffin",FA,"TE160","-","-","-","-","-","-","-"
"805",15,"Ryan Miller",MIA,"WR280","6","-","-","3 out of 5 stars","-","-","-"
"806",15,"Anthony Firkser",FA,"TE161","-","-","-","-","-","-0.7","16% (1/6)"
"807",15,"Ray-Ray McCloud III",CHI,"WR281","10","-","-","3 out of 5 stars","-","-","-"
"808",15,"Tucker Fisk",FA,"TE162","-","-","-","-","-","-","-"
"809",15,"Geoff Swaim",FA,"TE163","-","-","-","-","-","-","-"
"810",15,"Elijah Mitchell",FA,"RB206","-","-","-","-","-","-","-"
"811",15,"Jesper Horsted",FA,"TE164","-","-","-","-","-","-","-"
"812",15,"Michael Jacobson",FA,"TE165","-","-","-","-","-","-","-"
"813",15,"Kendall Milton",CIN,"RB207","6","-","-","2 out of 5 stars","-","-","-"
"814",15,"Carson Steele",PHI,"RB208","10","-","-","4 out of 5 stars","-","-","-"
"815",15,"Brycen Hopkins",FA,"TE166","-","-","-","-","-","-","-"
"816",15,"Curtis Hodges",FA,"TE167","-","-","-","-","-","-","-"
"817",15,"Bub Means",FA,"WR282","-","-","-","-","-","-","-"
"818",15,"Gerald Everett",FA,"TE168","-","-","-","-","-","-","-"
"819",15,"Kenny Yeboah",FA,"TE169","-","-","-","-","-","-","-"
"820",15,"Israel Abanikanda",DAL,"RB209","14","-","-","4 out of 5 stars","-","-","-"
"821",15,"Luke Lachey",FA,"TE170","-","-","-","-","-","-","-"
"822",15,"Mitchell Wilcox",FA,"TE171","-","-","-","-","-","-","-"
"823",15,"Carlos Washington Jr.",FA,"RB210","-","-","-","-","-","-","-"
"824",15,"Nick Boyle",FA,"TE172","-","-","-","-","-","-","-"
"825",15,"Ross Travis",FA,"TE173","-","-","-","-","-","-","-"
"826",15,"Zay Jones",FA,"WR283","-","-","-","-","-","-","-"
"827",15,"Deuce Vaughn",FA,"RB211","-","-","-","-","-","-","-"
"828",16,"Jason Brownlee",FA,"WR284","-","-","-","-","-","-","-"
"829",16,"Austin Trammell",JAC,"WR285","7","-","-","4 out of 5 stars","-","-","-"
"830",16,"Anthony McFarland Jr.",FA,"RB212","-","-","-","-","-","-","-"
"831",16,"Tejhaun Palmer",FA,"WR286","-","-","-","-","-","-","-"
"832",16,"Jordan Mims",FA,"RB213","-","-","-","-","-","-","-"
"833",16,"Graig Cooper",FA,"RB214","-","-","-","-","-","-","-"
"834",16,"Jase McClellan",FA,"RB215","-","-","-","-","-","-","-"
"835",16,"Blake Watson",FA,"RB216","-","-","-","-","-","-","-"
"836",16,"Kevin Harris",FA,"RB217","-","-","-","-","-","-","-"
"837",16,"Kaden Prather",FA,"WR287","-","-","-","-","-","-","-"
"838",16,"Danny Gray",PHI,"WR288","10","-","-","4 out of 5 stars","-","-","-"
"839",16,"Trey Palmer",NO,"WR289","8","-","-","3 out of 5 stars","-","-","-"
"840",16,"Josh Reynolds",FA,"WR290","-","-","-","-","-","-1.0","40% (2/5)"
"841",16,"Omarius Hines",FA,"WR291","-","-","-","-","-","-","-"
"842",16,"Dale Moss",FA,"WR292","-","-","-","-","-","-","-"
"843",16,"John Hurst",FA,"WR293","-","-","-","-","-","-","-"
"844",16,"Russell Gage Jr.",FA,"WR294","-","-","-","-","-","-","-"
"845",16,"Nelson Agholor",FA,"WR295","-","-","-","-","-","-","-"
"846",16,"DeAndre Carter",FA,"WR296","-","-","-","-","-","-","-"
"847",16,"Marquez Callaway",FA,"WR297","-","-","-","-","-","-","-"
"848",16,"Dee Eskridge",FA,"WR298","-","-","-","-","-","-","-"
"849",16,"Anthony Schwartz",FA,"WR299","-","-","-","-","-","-","-"
"850",16,"Cody Thompson",FA,"WR300","-","-","-","-","-","-","-"
"851",16,"Daurice Fountain",FA,"WR301","-","-","-","-","-","-","-"
"852",16,"Hunter Renfrow",FA,"WR302","-","-","-","-","-","-0.4","16% (1/6)"
"853",16,"Isaiah McKenzie",FA,"WR303","-","-","-","-","-","-","-"
"854",16,"Jalen Guyton",FA,"WR304","-","-","-","-","-","-","-"
"855",16,"Justin Shorter",LV,"WR305","13","-","-","2 out of 5 stars","-","-","-"
"856",16,"Zach Pascal",FA,"WR306","-","-","-","-","-","-","-"