RK,TIERS,PLAYER NAME,TEAM,POS,BYE WEEK,UPSIDE ,BUST ,SOS SEASON,ECR VS. ADP,AVG. DIFF ,% OVER 
1,1,Jahmyr Gibbs,DET,RB1,6,5 out of 5,1 out of 5,5 out of 5 stars,0,1.9,50% (8/16)
2,1,Bijan Robinson,ATL,RB2,11,5 out of 5,1 out of 5,2 out of 5 stars,0,2.1,56% (9/16)
3,1,Ja'Marr Chase,CIN,WR1,6,5 out of 5,1 out of 5,4 out of 5 stars,0,-0.3,40% (6/15)
4,1,Puka Nacua,LAR,WR2,11,5 out of 5,2 out of 5,1 out of 5 stars,1,2.6,60% (9/15)
5,1,Jaxon Smith-Njigba,SEA,WR3,11,5 out of 5,2 out of 5,3 out of 5 stars,2,2.4,62% (10/16)
6,1,Amon-Ra St. Brown,DET,WR4,6,5 out of 5,1 out of 5,4 out of 5 stars,2,-0.1,37% (6/16)
7,1,Christian McCaffrey,SF,RB3,8,4 out of 5,4 out of 5,2 out of 5 stars,-3,2.8,75% (12/16)
8,1,Jonathan Taylor,IND,RB4,13,4 out of 5,3 out of 5,4 out of 5 stars,-2,2.6,43% (7/16)
9,1,James Cook III,BUF,RB5,7,5 out of 5,1 out of 5,2 out of 5 stars,0,2.2,62% (10/16)
10,1,CeeDee Lamb,DAL,WR5,14,4 out of 5,2 out of 5,2 out of 5 stars,0,-2.4,38% (5/13)
11,2,Justin Jefferson,MIN,WR6,6,5 out of 5,2 out of 5,5 out of 5 stars,2,-4,25% (4/16)
12,2,Chase Brown,CIN,RB6,6,5 out of 5,2 out of 5,2 out of 5 stars,2,2,56% (9/16)
13,2,Saquon Barkley,PHI,RB7,10,4 out of 5,3 out of 5,4 out of 5 stars,-2,-2.1,37% (6/16)
14,2,A.J. Brown,NE,WR7,11,5 out of 5,2 out of 5,2 out of 5 stars,6,-0.1,46% (7/15)
15,2,Drake London,ATL,WR8,11,4 out of 5,3 out of 5,3 out of 5 stars,4,0.9,45% (5/11)
16,2,De'Von Achane,MIA,RB8,6,4 out of 5,4 out of 5,3 out of 5 stars,-4,0.1,31% (5/16)
17,2,Nico Collins,HOU,WR9,8,4 out of 5,2 out of 5,3 out of 5 stars,6,-0.5,46% (7/15)
18,2,Omarion Hampton,LAC,RB9,7,5 out of 5,2 out of 5,3 out of 5 stars,-3,0.7,55% (5/9)
19,2,Kenneth Walker III,KC,RB10,5,5 out of 5,4 out of 5,3 out of 5 stars,-2,-1.4,25% (4/16)
20,2,Brock Bowers,LV,TE1,13,5 out of 5,1 out of 5,3 out of 5 stars,2,-,-
21,2,Derrick Henry,BAL,RB11,13,4 out of 5,2 out of 5,3 out of 5 stars,-3,1.4,43% (7/16)
22,2,George Pickens,DAL,WR10,14,4 out of 5,3 out of 5,2 out of 5 stars,2,2.4,43% (7/16)
23,3,Ashton Jeanty,LV,RB12,13,4 out of 5,3 out of 5,2 out of 5 stars,-7,-0.6,43% (7/16)
24,3,Chris Olave,NO,WR11,8,4 out of 5,4 out of 5,3 out of 5 stars,2,2.4,50% (8/16)
25,3,Trey McBride,ARI,TE2,14,4 out of 5,2 out of 5,2 out of 5 stars,0,2.2,56% (9/16)
26,3,Malik Nabers,NYG,WR12,8,4 out of 5,4 out of 5,4 out of 5 stars,3,-,-
27,3,DeVonta Smith,PHI,WR13,10,4 out of 5,2 out of 5,4 out of 5 stars,5,-1,37% (6/16)
28,3,Josh Allen,BUF,QB1,7,5 out of 5,2 out of 5,3 out of 5 stars,-7,0.7,50% (8/16)
29,3,Rashee Rice,KC,WR14,5,4 out of 5,4 out of 5,2 out of 5 stars,4,-,-
30,3,Zay Flowers,BAL,WR15,13,4 out of 5,2 out of 5,4 out of 5 stars,4,-0.4,37% (6/16)
31,3,Kyren Williams,LAR,RB13,11,4 out of 5,2 out of 5,5 out of 5 stars,-4,0.9,56% (9/16)
32,3,Javonte Williams,DAL,RB14,14,4 out of 5,3 out of 5,4 out of 5 stars,-2,0.9,56% (9/16)
33,3,Tee Higgins,CIN,WR16,6,5 out of 5,2 out of 5,4 out of 5 stars,5,0.9,50% (7/14)
34,3,Breece Hall,NYJ,RB15,13,4 out of 5,4 out of 5,3 out of 5 stars,-3,-1.2,43% (7/16)
35,3,Ladd McConkey,LAC,WR17,7,4 out of 5,3 out of 5,2 out of 5 stars,6,-2.1,43% (7/16)
36,3,Jaylen Waddle,DEN,WR18,10,4 out of 5,3 out of 5,2 out of 5 stars,9,-1,43% (7/16)
37,3,Lamar Jackson,BAL,QB2,13,4 out of 5,4 out of 5,3 out of 5 stars,-1,-4.4,41% (5/12)
38,3,Tetairoa McMillan,CAR,WR19,5,4 out of 5,3 out of 5,2 out of 5 stars,1,-0.3,37% (6/16)
39,3,Garrett Wilson,NYJ,WR20,13,4 out of 5,4 out of 5,4 out of 5 stars,4,-,-
40,3,Colston Loveland,CHI,TE3,10,5 out of 5,2 out of 5,2 out of 5 stars,0,1.9,53% (8/15)
41,3,Jeremiyah Love,ARI,RB16,14,5 out of 5,4 out of 5,2 out of 5 stars,-13,-,-
42,3,Emeka Egbuka,TB,WR21,10,4 out of 5,3 out of 5,4 out of 5 stars,0,-1.4,31% (5/16)
43,4,Travis Etienne Jr.,NO,RB17,8,4 out of 5,4 out of 5,3 out of 5 stars,-8,2.2,62% (10/16)
44,4,Drake Maye,NE,QB3,11,5 out of 5,2 out of 5,2 out of 5 stars,8,1.5,56% (9/16)
45,4,D'Andre Swift,CHI,RB18,10,3 out of 5,3 out of 5,2 out of 5 stars,-1,2.1,60% (9/15)
46,4,Terry McLaurin,WAS,WR22,7,4 out of 5,2 out of 5,2 out of 5 stars,9,-0.6,33% (3/9)
47,4,Luther Burden III,CHI,WR23,10,4 out of 5,4 out of 5,3 out of 5 stars,7,1.8,57% (8/14)
48,4,Davante Adams,LAR,WR24,11,4 out of 5,4 out of 5,1 out of 5 stars,9,0.2,50% (7/14)
49,4,Joe Burrow,CIN,QB4,6,4 out of 5,3 out of 5,3 out of 5 stars,4,-0.9,57% (4/7)
50,4,Jameson Williams,DET,WR25,6,4 out of 5,3 out of 5,4 out of 5 stars,10,0.1,50% (8/16)
51,4,Bucky Irving,TB,RB19,10,3 out of 5,4 out of 5,2 out of 5 stars,-4,-1.1,44% (4/9)
52,4,Tyler Warren,IND,TE4,13,5 out of 5,2 out of 5,3 out of 5 stars,-1,-0.4,50% (8/16)
53,4,Cam Skattebo,NYG,RB20,8,4 out of 5,4 out of 5,4 out of 5 stars,-16,-,-
54,4,David Montgomery,HOU,RB21,8,4 out of 5,2 out of 5,4 out of 5 stars,-4,-0.1,43% (7/16)
55,4,DJ Moore,BUF,WR26,7,4 out of 5,2 out of 5,4 out of 5 stars,-7,-0.5,31% (5/16)
56,4,Quinshon Judkins,CLE,RB22,11,4 out of 5,4 out of 5,3 out of 5 stars,-10,-,-
57,4,Christian Watson,GB,WR27,11,4 out of 5,4 out of 5,5 out of 5 stars,7,2.4,50% (5/10)
58,4,Rome Odunze,CHI,WR28,10,4 out of 5,3 out of 5,3 out of 5 stars,4,-1.6,46% (6/13)
59,4,Bhayshul Tuten,JAC,RB23,7,4 out of 5,3 out of 5,4 out of 5 stars,-1,-,-
60,4,Jadarian Price,SEA,RB24,11,4 out of 5,3 out of 5,4 out of 5 stars,-4,-,-
61,4,Jayden Daniels,WAS,QB5,7,4 out of 5,4 out of 5,2 out of 5 stars,2,-,-
62,4,Mike Evans,SF,WR29,8,4 out of 5,3 out of 5,2 out of 5 stars,4,-2.7,28% (2/7)
63,4,Jalen Hurts,PHI,QB6,10,4 out of 5,3 out of 5,5 out of 5 stars,-2,-2.1,37% (6/16)
64,5,Parker Washington,JAC,WR30,7,4 out of 5,2 out of 5,4 out of 5 stars,3,3.8,80% (12/15)
65,5,TreVeyon Henderson,NE,RB25,11,4 out of 5,3 out of 5,2 out of 5 stars,-6,0,31% (5/16)
66,5,Caleb Williams,CHI,QB7,10,5 out of 5,2 out of 5,3 out of 5 stars,6,1.2,62% (10/16)
67,5,Rhamondre Stevenson,NE,RB26,11,4 out of 5,3 out of 5,2 out of 5 stars,2,0.4,53% (7/13)
68,5,Tucker Kraft,GB,TE5,11,5 out of 5,2 out of 5,2 out of 5 stars,-3,-,-
69,5,Marvin Harrison Jr.,ARI,WR31,14,3 out of 5,4 out of 5,2 out of 5 stars,5,-1.7,50% (6/12)
70,5,Justin Herbert,LAC,QB8,7,5 out of 5,2 out of 5,2 out of 5 stars,8,0,37% (6/16)
71,5,Jaylen Warren,PIT,RB27,9,4 out of 5,4 out of 5,2 out of 5 stars,-3,-0.1,46% (7/15)
72,5,Carnell Tate,TEN,WR32,9,4 out of 5,2 out of 5,3 out of 5 stars,3,-,-
73,5,Trevor Lawrence,JAC,QB9,7,5 out of 5,2 out of 5,4 out of 5 stars,11,3.9,75% (12/16)
74,5,Dak Prescott,DAL,QB10,14,4 out of 5,2 out of 5,2 out of 5 stars,5,1.9,68% (11/16)
75,5,Tony Pollard,TEN,RB28,9,4 out of 5,2 out of 5,3 out of 5 stars,2,0,25% (4/16)
76,5,Brian Thomas Jr.,JAC,WR33,7,2 out of 5,4 out of 5,4 out of 5 stars,5,-2.4,30% (4/13)
77,5,DK Metcalf,PIT,WR34,9,3 out of 5,3 out of 5,3 out of 5 stars,5,-,-
78,5,Chris Godwin Jr.,TB,WR35,10,4 out of 5,4 out of 5,4 out of 5 stars,7,0.2,37% (3/8)
79,5,Harold Fannin Jr.,CLE,TE6,11,4 out of 5,3 out of 5,3 out of 5 stars,-9,2,56% (9/16)
80,5,Jonathon Brooks,CAR,RB29,5,4 out of 5,4 out of 5,1 out of 5 stars,0,-,-
81,5,Rico Dowdle,PIT,RB30,9,4 out of 5,4 out of 5,2 out of 5 stars,-5,1.1,31% (5/16)
82,5,Sam LaPorta,DET,TE7,6,4 out of 5,4 out of 5,3 out of 5 stars,-11,0.7,44% (4/9)
83,5,Kyle Pitts Sr.,ATL,TE8,11,4 out of 5,4 out of 5,3 out of 5 stars,-10,1.7,50% (8/16)
84,5,Courtland Sutton,DEN,WR36,10,2 out of 5,4 out of 5,2 out of 5 stars,5,0,50% (8/16)
85,6,MarShawn Lloyd,GB,RB31,11,4 out of 5,4 out of 5,4 out of 5 stars,28,-,-
86,6,J.K. Dobbins,DEN,RB32,10,4 out of 5,4 out of 5,2 out of 5 stars,4,0,50% (5/10)
87,6,Quentin Johnston,LAC,WR37,7,4 out of 5,3 out of 5,2 out of 5 stars,13,0.9,57% (8/14)
88,6,Michael Pittman Jr.,PIT,WR38,9,4 out of 5,3 out of 5,3 out of 5 stars,27,-0.7,56% (9/16)
89,6,Michael Wilson,ARI,WR39,14,-,-,2 out of 5 stars,-2,2.4,68% (11/16)
90,6,Blake Corum,LAR,RB33,11,4 out of 5,4 out of 5,5 out of 5 stars,1,2.1,56% (9/16)
91,6,Alec Pierce,IND,WR40,13,4 out of 5,4 out of 5,4 out of 5 stars,1,2.5,64% (9/14)
92,6,George Kittle,SF,TE9,8,4 out of 5,4 out of 5,3 out of 5 stars,-4,1.6,50% (5/10)
93,6,Chuba Hubbard,CAR,RB34,5,2 out of 5,4 out of 5,1 out of 5 stars,-7,-1.1,28% (4/14)
94,6,Brock Purdy,SF,QB11,8,4 out of 5,1 out of 5,1 out of 5 stars,12,4.6,87% (7/8)
95,6,Josh Downs,IND,WR41,13,4 out of 5,4 out of 5,4 out of 5 stars,17,-0.5,46% (7/15)
96,6,Bo Nix,DEN,QB12,10,4 out of 5,2 out of 5,3 out of 5 stars,5,1,50% (8/16)
97,6,Jaxson Dart,NYG,QB13,8,5 out of 5,4 out of 5,4 out of 5 stars,-2,2.2,64% (9/14)
98,6,Stefon Diggs,WAS,WR42,7,4 out of 5,2 out of 5,2 out of 5 stars,5,0.1,50% (8/16)
99,6,RJ Harvey,DEN,RB35,10,2 out of 5,4 out of 5,2 out of 5 stars,-16,2,50% (8/16)
100,6,Jacory Croskey-Merritt,WAS,RB36,7,4 out of 5,4 out of 5,4 out of 5 stars,-3,-0.2,37% (6/16)
101,6,Wan'Dale Robinson,TEN,WR43,9,4 out of 5,3 out of 5,3 out of 5 stars,26,1.1,43% (7/16)
102,6,Jordan Mason,MIN,RB37,6,4 out of 5,3 out of 5,4 out of 5 stars,-8,-1,33% (5/15)
103,6,Travis Kelce,KC,TE10,5,2 out of 5,2 out of 5,4 out of 5 stars,-10,0.2,50% (8/16)
104,6,Patrick Mahomes II,KC,QB14,5,3 out of 5,4 out of 5,2 out of 5 stars,7,-,-
105,6,Jayden Reed,GB,WR44,11,4 out of 5,4 out of 5,5 out of 5 stars,5,-1.9,33% (2/6)
106,6,Kenny Gainwell,TB,RB38,10,4 out of 5,3 out of 5,2 out of 5 stars,3,2.4,43% (7/16)
107,6,Jared Goff,DET,QB15,6,4 out of 5,1 out of 5,5 out of 5 stars,17,0.8,43% (7/16)
108,6,Jordan Addison,MIN,WR45,6,4 out of 5,4 out of 5,5 out of 5 stars,-1,-0.4,30% (4/13)
109,6,Dalton Kincaid,BUF,TE11,7,3 out of 5,4 out of 5,3 out of 5 stars,-11,1.6,54% (6/11)
110,6,Matthew Stafford,LAR,QB16,11,4 out of 5,2 out of 5,3 out of 5 stars,-8,3.3,62% (10/16)
111,6,Makai Lemon,PHI,WR46,10,4 out of 5,2 out of 5,4 out of 5 stars,-6,-,-
112,6,Kyle Monangai,CHI,RB39,10,4 out of 5,3 out of 5,2 out of 5 stars,-16,1.2,43% (7/16)
113,6,Rachaad White,WAS,RB40,7,4 out of 5,3 out of 5,4 out of 5 stars,7,-1.2,37% (6/16)
114,6,Jakobi Meyers,JAC,WR47,7,2 out of 5,3 out of 5,4 out of 5 stars,18,-1.4,33% (5/15)
115,6,Isaiah Likely,NYG,TE12,8,4 out of 5,3 out of 5,3 out of 5 stars,-16,-1.9,23% (3/13)
116,6,Dallas Goedert,PHI,TE13,10,4 out of 5,3 out of 5,4 out of 5 stars,3,1.9,53% (8/15)
117,6,Kyler Murray,MIN,QB17,6,4 out of 5,2 out of 5,5 out of 5 stars,12,-,-
118,6,KC Concepcion,CLE,WR48,11,4 out of 5,4 out of 5,3 out of 5 stars,4,-,-
119,6,Aaron Jones Sr.,MIN,RB41,6,1 out of 5,4 out of 5,4 out of 5 stars,4,-1.3,33% (4/12)
120,6,Jordan Love,GB,QB18,11,4 out of 5,3 out of 5,4 out of 5 stars,15,-1.2,46% (7/15)
121,6,Baker Mayfield,TB,QB19,10,3 out of 5,4 out of 5,2 out of 5 stars,12,-0.9,56% (9/16)
122,6,Jake Ferguson,DAL,TE14,14,2 out of 5,4 out of 5,2 out of 5 stars,-4,0.3,50% (8/16)
123,6,De'Zhaun Stribling,SF,WR49,8,4 out of 5,4 out of 5,2 out of 5 stars,-19,-,-
124,6,Chris Rodriguez Jr.,JAC,RB42,7,3 out of 5,4 out of 5,4 out of 5 stars,16,1.8,58% (7/12)
125,6,Matthew Golden,GB,WR50,11,3 out of 5,4 out of 5,5 out of 5 stars,5,-2.6,23% (3/13)
126,6,Mark Andrews,BAL,TE15,13,4 out of 5,4 out of 5,4 out of 5 stars,-5,-1.1,25% (4/16)
127,6,Xavier Worthy,KC,WR51,5,4 out of 5,4 out of 5,2 out of 5 stars,15,-3.4,14% (2/14)
128,6,Romeo Doubs,NE,WR52,11,3 out of 5,3 out of 5,2 out of 5 stars,18,-0.4,43% (7/16)
129,7,Jalen Coker,CAR,WR53,5,4 out of 5,2 out of 5,2 out of 5 stars,28,0.5,40% (4/10)
130,7,Juwan Johnson,NO,TE16,8,4 out of 5,2 out of 5,2 out of 5 stars,1,1.1,50% (8/16)
131,7,Tyler Allgeier,ARI,RB43,14,3 out of 5,4 out of 5,2 out of 5 stars,10,1,56% (9/16)
132,7,Woody Marks,HOU,RB44,8,3 out of 5,4 out of 5,4 out of 5 stars,7,0.1,40% (6/15)
133,7,Tyler Shough,NO,QB20,8,4 out of 5,2 out of 5,3 out of 5 stars,32,1.6,46% (7/15)
134,7,Khalil Shakir,BUF,WR54,7,2 out of 5,4 out of 5,4 out of 5 stars,24,-1.1,37% (6/16)
135,7,Malik Willis,MIA,QB21,6,4 out of 5,4 out of 5,3 out of 5 stars,19,1.8,26% (4/15)
136,7,Deebo Samuel Sr.,SF,WR55,8,4 out of 5,3 out of 5,2 out of 5 stars,2,-0.7,46% (7/15)
137,7,Tyjae Spears,TEN,RB45,9,4 out of 5,4 out of 5,3 out of 5 stars,22,-0.2,25% (3/12)
138,7,Jonah Coleman,DEN,RB46,10,4 out of 5,4 out of 5,2 out of 5 stars,6,-,-
139,7,Jordyn Tyson,NO,WR56,8,3 out of 5,5 out of 5,3 out of 5 stars,-22,-,-
140,7,Zach Charbonnet,SEA,RB47,11,3 out of 5,4 out of 5,4 out of 5 stars,10,1.9,60% (9/15)
141,7,Mike Washington Jr.,LV,RB48,13,4 out of 5,4 out of 5,2 out of 5 stars,-13,-,-
142,7,Rashid Shaheed,SEA,WR57,11,3 out of 5,4 out of 5,3 out of 5 stars,1,-0.4,41% (7/17)
143,7,Keaton Mitchell,LAC,RB49,7,4 out of 5,3 out of 5,3 out of 5 stars,18,0.4,50% (6/12)
144,7,Sam Darnold,SEA,QB22,11,1 out of 5,4 out of 5,4 out of 5 stars,5,-0.3,56% (9/16)
145,7,Dylan Sampson,CLE,RB50,11,4 out of 5,3 out of 5,3 out of 5 stars,59,0.5,42% (6/14)
146,7,Tank Bigsby,PHI,RB51,10,4 out of 5,2 out of 5,4 out of 5 stars,10,0.2,31% (5/16)
147,7,Hunter Henry,NE,TE17,11,2 out of 5,4 out of 5,4 out of 5 stars,4,0.5,43% (7/16)
148,7,C.J. Stroud,HOU,QB23,8,3 out of 5,4 out of 5,4 out of 5 stars,19,-0.9,38% (5/13)
149,7,Chig Okonkwo,WAS,TE18,7,4 out of 5,3 out of 5,1 out of 5 stars,21,0.2,50% (8/16)
150,7,Brenton Strange,JAC,TE19,7,4 out of 5,3 out of 5,3 out of 5 stars,19,0.2,54% (6/11)
151,7,Daniel Jones,IND,QB24,13,4 out of 5,4 out of 5,4 out of 5 stars,28,-,-
152,7,Josh Jacobs,GB,RB52,11,2 out of 5,5 out of 5,4 out of 5 stars,-103,-1.7,40% (6/15)
153,7,Braelon Allen,NYJ,RB53,13,1 out of 5,4 out of 5,3 out of 5 stars,18,-1.2,50% (2/4)
154,7,Dalton Schultz,HOU,TE20,8,4 out of 5,2 out of 5,4 out of 5 stars,27,0.9,56% (9/16)
155,7,Cam Ward,TEN,QB25,9,4 out of 5,4 out of 5,3 out of 5 stars,22,-0.6,50% (8/16)
156,7,Denzel Boston,CLE,WR58,11,4 out of 5,4 out of 5,3 out of 5 stars,24,-,-
157,7,Tre Tucker,LV,WR59,13,4 out of 5,2 out of 5,2 out of 5 stars,46,0.2,37% (6/16)
158,7,Adonai Mitchell,NYJ,WR60,13,4 out of 5,4 out of 5,4 out of 5 stars,74,0,28% (4/14)
159,7,Brian Robinson Jr.,ATL,RB54,11,2 out of 5,4 out of 5,2 out of 5 stars,-12,-0.6,25% (4/16)
160,7,Alvin Kamara,NO,RB55,8,2 out of 5,4 out of 5,3 out of 5 stars,-8,-4.1,18% (2/11)
161,7,Tyrone Tracy Jr.,NYG,RB56,8,1 out of 5,4 out of 5,4 out of 5 stars,-6,-0.5,35% (5/14)
162,7,Emmett Johnson,KC,RB57,5,4 out of 5,4 out of 5,3 out of 5 stars,6,-,-
163,7,Ray Davis,BUF,RB58,7,-,-,2 out of 5 stars,58,-0.3,31% (5/16)
164,7,Isiah Pacheco,DET,RB59,6,3 out of 5,4 out of 5,5 out of 5 stars,-11,-1.9,30% (4/13)
165,7,Terrance Ferguson,LAR,TE21,11,4 out of 5,4 out of 5,4 out of 5 stars,13,1.4,42% (6/14)
166,7,Kayshon Boutte,HOU,WR61,8,2 out of 5,4 out of 5,3 out of 5 stars,36,0.8,46% (6/13)
167,7,Jalen McMillan,TB,WR62,10,4 out of 5,3 out of 5,4 out of 5 stars,58,5,100% (3/3)
168,8,Jerry Jeudy,CLE,WR63,11,1 out of 5,5 out of 5,3 out of 5 stars,52,-2.2,18% (3/16)
169,8,Dontayvion Wicks,PHI,WR64,10,4 out of 5,4 out of 5,4 out of 5 stars,42,-0.5,35% (5/14)
170,8,Tre' Harris,LAC,WR65,7,4 out of 5,2 out of 5,2 out of 5 stars,65,-0.4,37% (6/16)
171,8,Bryce Young,CAR,QB26,5,3 out of 5,4 out of 5,2 out of 5 stars,2,-0.4,40% (6/15)
172,8,Houston Texans,HOU,DST1,8,-,-,2 out of 5 stars,-58,2.2,62% (10/16)
173,8,AJ Barner,SEA,TE22,11,4 out of 5,3 out of 5,3 out of 5 stars,21,1.7,50% (8/16)
174,8,Jauan Jennings,MIN,WR66,6,2 out of 5,4 out of 5,5 out of 5 stars,9,1,50% (7/14)
175,8,Ryan Flournoy,DAL,WR67,14,4 out of 5,4 out of 5,2 out of 5 stars,74,3.2,66% (8/12)
176,8,T.J. Hockenson,MIN,TE23,6,3 out of 5,4 out of 5,4 out of 5 stars,-2,-1.1,40% (6/15)
177,8,Pat Bryant,DEN,WR68,10,3 out of 5,3 out of 5,2 out of 5 stars,70,0.3,35% (5/14)
178,8,Omar Cooper Jr.,NYJ,WR69,13,3 out of 5,4 out of 5,4 out of 5 stars,49,-,-
179,8,Jalen Nailor,LV,WR70,13,-,-,2 out of 5 stars,-7,-0.2,31% (5/16)
180,8,Denver Broncos,DEN,DST2,10,-,-,4 out of 5 stars,-55,0,56% (9/16)
181,8,Los Angeles Rams,LAR,DST3,11,-,-,2 out of 5 stars,-73,0.8,56% (9/16)
182,8,Kimani Vidal,LAC,RB60,7,1 out of 5,4 out of 5,3 out of 5 stars,59,0.4,45% (5/11)
183,8,Seattle Seahawks,SEA,DST4,11,-,-,2 out of 5 stars,-57,3.8,68% (11/16)
184,8,Malik Washington,MIA,WR71,6,2 out of 5,4 out of 5,3 out of 5 stars,31,-1.1,31% (5/16)
185,8,Kenyon Sadiq,NYJ,TE24,13,3 out of 5,4 out of 5,4 out of 5 stars,2,-,-
186,8,Oronde Gadsden II,LAC,TE25,7,3 out of 5,4 out of 5,4 out of 5 stars,3,0.8,42% (6/14)
187,8,Philadelphia Eagles,PHI,DST5,10,-,-,0 out of 5 stars,-50,1.1,50% (8/16)
188,8,Keenan Allen,IND,WR72,13,3 out of 5,4 out of 5,4 out of 5 stars,-25,-1.4,25% (4/16)
189,8,Calvin Ridley,TEN,WR73,9,2 out of 5,4 out of 5,3 out of 5 stars,40,-,-
190,8,Jacoby Brissett,ARI,QB27,14,3 out of 5,4 out of 5,2 out of 5 stars,46,2.5,60% (9/15)
191,8,Nicholas Singleton,TEN,RB61,9,3 out of 5,4 out of 5,3 out of 5 stars,43,-,-
192,8,Jacksonville Jaguars,JAC,DST6,7,-,-,3 out of 5 stars,-7,1.9,81% (13/16)
193,8,Minnesota Vikings,MIN,DST7,6,-,-,1 out of 5 stars,-11,1.2,37% (6/16)
194,8,New England Patriots,NE,DST8,11,-,-,3 out of 5 stars,-32,0.8,43% (7/16)
195,8,Jaylin Noel,HOU,WR74,8,4 out of 5,3 out of 5,3 out of 5 stars,127,0.6,37% (6/16)
196,8,Pittsburgh Steelers,PIT,DST9,9,-,-,5 out of 5 stars,-5,0.7,50% (8/16)
197,8,Brandon Aubrey,DAL,K1,14,4 out of 5,1 out of 5,2 out of 5 stars,-81,3.1,68% (11/16)
198,8,Ka'imi Fairbairn,HOU,K2,8,5 out of 5,1 out of 5,2 out of 5 stars,-64,4.8,92% (13/14)
199,8,Gunnar Helm,TEN,TE26,9,3 out of 5,3 out of 5,3 out of 5 stars,62,0.6,50% (8/16)
200,8,Cameron Dicker,LAC,K3,7,5 out of 5,1 out of 5,2 out of 5 stars,-64,2.5,75% (12/16)
201,8,Los Angeles Chargers,LAC,DST10,7,-,-,3 out of 5 stars,-9,-0.4,37% (6/16)
202,8,Sean Tucker,TB,RB62,10,3 out of 5,4 out of 5,2 out of 5 stars,56,1.4,43% (7/16)
203,8,Travis Hunter,JAC,WR75,7,2 out of 5,4 out of 5,4 out of 5 stars,-17,-,-
204,8,Pat Freiermuth,PIT,TE27,9,3 out of 5,4 out of 5,2 out of 5 stars,-8,0.9,37% (6/16)
205,8,Baltimore Ravens,BAL,DST11,13,-,-,5 out of 5 stars,-21,-0.3,56% (9/16)
206,8,Rashod Bateman,BAL,WR76,13,2 out of 5,4 out of 5,4 out of 5 stars,-,-2.5,23% (3/13)
207,8,Aaron Rodgers,PIT,QB28,9,1 out of 5,4 out of 5,2 out of 5 stars,-31,-0.5,53% (8/15)
208,8,Cade Otton,TB,TE28,10,2 out of 5,4 out of 5,2 out of 5 stars,52,-1.4,33% (5/15)
209,8,Kaytron Allen,WAS,RB63,7,3 out of 5,4 out of 5,4 out of 5 stars,35,-,-
210,8,Kansas City Chiefs,KC,DST12,5,-,-,3 out of 5 stars,16,-1.3,31% (5/16)
211,8,Cam Little,JAC,K4,7,-,-,4 out of 5 stars,-47,2,68% (11/16)
212,8,Malik Davis,DAL,RB64,14,-,-,4 out of 5 stars,61,2,57% (4/7)
213,8,Jason Myers,SEA,K5,11,4 out of 5,1 out of 5,4 out of 5 stars,-68,4.5,87% (14/16)
214,8,Jaylen Wright,MIA,RB65,6,-,-,3 out of 5 stars,26,2.3,54% (6/11)
215,8,Kaelon Black,SF,RB66,8,4 out of 5,4 out of 5,2 out of 5 stars,-49,-,-
216,8,Cooper Kupp,SEA,WR77,11,2 out of 5,4 out of 5,3 out of 5 stars,-21,-1.5,40% (6/15)
217,8,Isaac TeSlaa,DET,WR78,6,3 out of 5,4 out of 5,4 out of 5 stars,-9,1.1,43% (7/16)
218,8,Green Bay Packers,GB,DST13,11,-,-,2 out of 5 stars,-12,-2,31% (5/16)
219,9,Geno Smith,NYJ,QB29,13,2 out of 5,4 out of 5,4 out of 5 stars,18,-1.5,40% (6/15)
220,9,Emanuel Wilson,SEA,RB67,11,3 out of 5,4 out of 5,4 out of 5 stars,51,0.8,37% (6/16)
221,9,Najee Harris,NYG,RB68,8,2 out of 5,4 out of 5,4 out of 5 stars,38,-,-
222,9,Chris Bell,MIA,WR79,6,3 out of 5,4 out of 5,3 out of 5 stars,6,-,-
223,9,Eddy Pineiro,SF,K6,8,4 out of 5,2 out of 5,5 out of 5 stars,-26,3.1,69% (9/13)
224,9,George Holani,SEA,RB69,11,3 out of 5,4 out of 5,4 out of 5 stars,43,0.4,22% (2/9)
225,9,Tyler Loop,BAL,K7,13,-,-,3 out of 5 stars,-27,1.1,56% (9/16)
226,9,James Conner,ARI,RB70,14,3 out of 5,4 out of 5,2 out of 5 stars,-19,-,-
227,9,Jake Bates,DET,K8,6,4 out of 5,2 out of 5,5 out of 5 stars,-37,0.7,43% (7/16)
228,9,Ja'Kobi Lane,BAL,WR80,13,4 out of 5,4 out of 5,4 out of 5 stars,-80,-,-
229,9,Darnell Mooney,NYG,WR81,8,3 out of 5,4 out of 5,4 out of 5 stars,43,-2.9,14% (2/14)
230,9,Malachi Fields,NYG,WR82,8,4 out of 5,4 out of 5,4 out of 5 stars,-12,-,-
231,9,Harrison Mevis,LAR,K9,11,4 out of 5,2 out of 5,2 out of 5 stars,-43,0.6,50% (4/8)
232,9,Detroit Lions,DET,DST14,6,-,-,5 out of 5 stars,-19,-1.2,31% (5/16)
233,9,Zachariah Branch,ATL,WR83,11,3 out of 5,4 out of 5,3 out of 5 stars,6,-,-
234,9,Justice Hill,BAL,RB71,13,-,-,3 out of 5 stars,-11,0.2,40% (4/10)
235,9,Demond Claiborne,MIN,RB72,6,3 out of 5,4 out of 5,4 out of 5 stars,35,-,-
236,9,Cairo Santos,CHI,K10,10,4 out of 5,3 out of 5,0 out of 5 stars,18,2,71% (10/14)
237,9,Troy Franklin,DEN,WR84,10,1 out of 5,4 out of 5,2 out of 5 stars,80,1,50% (8/16)
238,9,Buffalo Bills,BUF,DST15,7,-,-,3 out of 5 stars,-8,-0.3,25% (4/16)
239,9,David Njoku,LAC,TE29,7,4 out of 5,4 out of 5,4 out of 5 stars,-64,-1.1,33% (4/12)
240,9,Chase McLaughlin,TB,K11,10,4 out of 5,2 out of 5,3 out of 5 stars,-21,1.4,56% (9/16)
241,9,Evan Engram,DEN,TE30,10,-,-,4 out of 5 stars,51,-1.4,26% (4/15)
242,9,Evan McPherson,CIN,K12,6,4 out of 5,2 out of 5,2 out of 5 stars,-43,1.3,56% (9/16)
243,9,Germie Bernard,PIT,WR85,9,2 out of 5,4 out of 5,3 out of 5 stars,26,-,-
244,9,Ted Hurst III,TB,WR86,10,4 out of 5,4 out of 5,4 out of 5 stars,30,-,-
245,9,Jack Bech,LV,WR87,13,3 out of 5,4 out of 5,2 out of 5 stars,73,-1.1,40% (6/15)
246,9,Antonio Williams,WAS,WR88,7,4 out of 5,2 out of 5,2 out of 5 stars,19,-,-
247,9,Chris Brooks,GB,RB73,11,2 out of 5,4 out of 5,4 out of 5 stars,32,-0.6,25% (4/16)
248,9,Tank Dell,HOU,WR89,8,4 out of 5,4 out of 5,3 out of 5 stars,-15,-,-
249,9,Fernando Mendoza,LV,QB30,13,4 out of 5,3 out of 5,1 out of 5 stars,-89,-,-
250,9,Cleveland Browns,CLE,DST16,11,-,-,5 out of 5 stars,2,0,37% (6/16)
251,9,Andy Borregales,NE,K13,11,-,-,1 out of 5 stars,-29,1.3,50% (8/16)
252,9,Samaje Perine,CIN,RB74,6,2 out of 5,5 out of 5,2 out of 5 stars,48,0,42% (6/14)
253,9,Devaughn Vele,NO,WR90,8,2 out of 5,4 out of 5,3 out of 5 stars,15,-,-
254,9,Keon Coleman,BUF,WR91,7,2 out of 5,4 out of 5,4 out of 5 stars,21,-1.5,25% (3/12)
255,9,Ollie Gordon II,MIA,RB75,6,3 out of 5,4 out of 5,3 out of 5 stars,66,-0.6,25% (4/16)
256,9,Caleb Douglas,MIA,WR92,6,3 out of 5,3 out of 5,3 out of 5 stars,-32,-,-
257,9,Greg Dulcich,MIA,TE31,6,4 out of 5,4 out of 5,5 out of 5 stars,-40,1.9,66% (6/9)
258,9,Harrison Butker,KC,K14,5,-,-,5 out of 5 stars,-65,0.7,50% (8/16)
259,9,Colby Parkinson,LAR,TE32,11,-,-,4 out of 5 stars,26,2.9,64% (9/14)
260,9,Kaleb Johnson,GB,RB76,11,1 out of 5,5 out of 5,4 out of 5 stars,2,-1.3,21% (3/14)
261,9,Jordan James,SF,RB77,8,2 out of 5,4 out of 5,2 out of 5 stars,-13,-0.8,0% (0/1)
262,9,Isaiah Davis,NYJ,RB78,13,2 out of 5,4 out of 5,3 out of 5 stars,-,-0.1,37% (6/16)
263,9,Chris Boswell,PIT,K15,9,4 out of 5,2 out of 5,4 out of 5 stars,-49,1.3,62% (10/16)
264,9,Ty Johnson,BUF,RB79,7,-,-,2 out of 5 stars,38,0.6,37% (6/16)
265,9,Elic Ayomanor,TEN,WR93,9,1 out of 5,5 out of 5,3 out of 5 stars,-,-0.7,33% (5/15)
266,9,Tyquan Thornton,KC,WR94,5,2 out of 5,5 out of 5,2 out of 5 stars,-,-,-
267,9,LeQuint Allen Jr.,JAC,RB80,7,2 out of 5,4 out of 5,4 out of 5 stars,-,-0.4,37% (6/16)
268,9,Tua Tagovailoa,ATL,QB31,11,2 out of 5,4 out of 5,4 out of 5 stars,-17,-1.9,35% (5/14)
269,9,Wil Lutz,DEN,K16,10,-,-,1 out of 5 stars,-27,0.1,56% (9/16)
270,9,Tory Horton,SEA,WR95,11,3 out of 5,4 out of 5,3 out of 5 stars,38,1.3,50% (4/8)
271,9,Michael Penix Jr.,ATL,QB32,11,2 out of 5,5 out of 5,4 out of 5 stars,-21,-,-
272,9,Kirk Cousins,LV,QB33,13,2 out of 5,4 out of 5,1 out of 5 stars,-19,-0.1,33% (5/15)
273,9,Chimere Dike,TEN,WR96,9,1 out of 5,5 out of 5,3 out of 5 stars,-,0.3,37% (6/16)
274,9,Kendre Miller,NO,RB81,8,2 out of 5,4 out of 5,3 out of 5 stars,-,-,-
275,9,Darius Slayton,NYG,WR97,8,2 out of 5,4 out of 5,4 out of 5 stars,-,-1.2,38% (5/13)
276,9,DJ Giddens,IND,RB82,13,2 out of 5,4 out of 5,4 out of 5 stars,-,-0.6,28% (2/7)
277,9,Seth McGowan,IND,RB83,13,4 out of 5,4 out of 5,4 out of 5 stars,16,-,-
278,9,Will Reichard,MIN,K17,6,-,-,2 out of 5 stars,-73,2.1,68% (11/16)
279,9,Xavier Legette,CAR,WR98,5,2 out of 5,4 out of 5,2 out of 5 stars,-,-0.5,28% (4/14)
280,9,Deshaun Watson,CLE,QB34,11,1 out of 5,5 out of 5,4 out of 5 stars,-25,-,-
281,9,Shedeur Sanders,CLE,QB35,11,3 out of 5,4 out of 5,4 out of 5 stars,-24,1.6,30% (3/10)
282,9,Mason Taylor,NYJ,TE33,13,1 out of 5,4 out of 5,4 out of 5 stars,-,-0.8,30% (4/13)
283,9,Christian Kirk,SF,WR99,8,2 out of 5,5 out of 5,2 out of 5 stars,-,-2.3,25% (3/12)
284,9,Atlanta Falcons,ATL,DST17,11,-,-,4 out of 5 stars,-,0.4,43% (7/16)
285,9,Cyrus Allen,KC,WR100,5,4 out of 5,4 out of 5,2 out of 5 stars,-69,-,-
286,9,Elijah Sarratt,BAL,WR101,13,3 out of 5,4 out of 5,4 out of 5 stars,-,-,-
287,9,Marvin Mims Jr.,DEN,WR102,10,3 out of 5,4 out of 5,2 out of 5 stars,-,-0.5,42% (6/14)
288,10,San Francisco 49ers,SF,DST18,8,-,-,3 out of 5 stars,-79,-1.3,43% (7/16)
289,10,Adam Randall,BAL,RB84,13,3 out of 5,5 out of 5,3 out of 5 stars,-7,-,-
290,10,Brashard Smith,KC,RB85,5,-,-,3 out of 5 stars,-,-0.3,37% (6/16)
291,10,Kyle Williams,NE,WR103,11,3 out of 5,4 out of 5,2 out of 5 stars,-,-0.1,31% (5/16)
292,10,Theo Johnson,NYG,TE34,8,2 out of 5,5 out of 5,3 out of 5 stars,21,0.2,46% (7/15)
293,10,Emari Demercado,DAL,RB86,14,1 out of 5,5 out of 5,4 out of 5 stars,32,-1.1,27% (3/11)
294,10,Jaydon Blue,PHI,RB87,10,3 out of 5,5 out of 5,4 out of 5 stars,-56,-3.3,0% (0/4)
295,10,Devin Neal,NO,RB88,8,2 out of 5,4 out of 5,3 out of 5 stars,-,-,-
296,10,Devin Singletary,NYG,RB89,8,1 out of 5,5 out of 5,4 out of 5 stars,-30,1.2,50% (8/16)
297,10,Eli Stowers,PHI,TE35,10,4 out of 5,4 out of 5,4 out of 5 stars,-7,-,-
298,10,Hollywood Brown,PHI,WR104,10,-,-,4 out of 5 stars,-,0.3,60% (9/15)
299,10,New Orleans Saints,NO,DST19,8,-,-,5 out of 5 stars,-,1.1,50% (8/16)
300,10,Mack Hollins,NE,WR105,11,-,-,2 out of 5 stars,-,1.1,60% (9/15)
301,10,Mike Gesicki,CIN,TE36,6,-,-,3 out of 5 stars,-7,-0.6,25% (3/12)
302,10,Trevor Etienne,CAR,RB90,5,2 out of 5,4 out of 5,1 out of 5 stars,-,-0.7,20% (3/15)
303,10,Isaiah Bond,CLE,WR106,11,-,-,3 out of 5 stars,-,-0.8,33% (5/15)
304,10,Trey Benson,ARI,RB91,14,1 out of 5,5 out of 5,2 out of 5 stars,12,-,-
305,10,Tahj Brooks,CIN,RB92,6,-,-,2 out of 5 stars,-,-0.8,8% (1/12)
306,10,Indianapolis Colts,IND,DST20,13,-,-,5 out of 5 stars,-,0.1,37% (6/16)
307,10,Jerome Ford,WAS,RB93,7,2 out of 5,4 out of 5,4 out of 5 stars,-,-,-
308,10,Isaac Guerendo,SF,RB94,8,-,-,2 out of 5 stars,-,-1.3,0% (0/13)
309,10,Skyler Bell,BUF,WR107,7,-,-,4 out of 5 stars,-14,-,-
310,10,Jarquez Hunter,FA,RB95,-,-,-,-,-,-0.8,0% (0/4)
311,10,Brandon Aiyuk,SF,WR108,8,2 out of 5,5 out of 5,2 out of 5 stars,15,-,-
312,10,Chicago Bears,CHI,DST21,10,-,-,2 out of 5 stars,-100,0.3,43% (7/16)
313,10,Audric Estime,NO,RB96,8,-,-,3 out of 5 stars,-,1,33% (2/6)
314,10,Darren Waller,CAR,TE37,5,-,-,2 out of 5 stars,-7,1.4,33% (3/9)
315,10,Jaleel McLaughlin,CLE,RB97,11,-,-,3 out of 5 stars,-,-0.9,14% (1/7)
316,10,Jake Tonges,SF,TE38,8,-,-,3 out of 5 stars,-32,1,42% (6/14)
317,10,Andrei Iosivas,CIN,WR109,6,-,-,4 out of 5 stars,-,-0.1,37% (6/16)
318,10,Will Shipley,PHI,RB98,10,-,-,4 out of 5 stars,-,-0.6,14% (2/14)
319,10,Darnell Washington,PIT,TE39,9,-,-,2 out of 5 stars,-,0.5,43% (7/16)
320,10,DeMario Douglas,NE,WR110,11,-,-,2 out of 5 stars,-,-0.8,25% (4/16)
321,10,Charlie Smyth,NO,K18,8,-,-,5 out of 5 stars,-,4.2,60% (3/5)
322,10,Tyreek Hill,FA,WR111,-,1 out of 5,5 out of 5,-,-112,-,-
323,10,Jahan Dotson,ATL,WR112,11,-,-,3 out of 5 stars,-13,-0.6,25% (4/16)
324,10,Michael Mayer,LV,TE40,13,-,-,3 out of 5 stars,-13,-0.5,33% (4/12)
325,10,Oscar Delp,NO,TE41,8,4 out of 5,4 out of 5,2 out of 5 stars,-,-,-
326,10,Xavier Hutchinson,HOU,WR113,8,-,-,3 out of 5 stars,-,0.4,43% (7/16)
327,10,Kareem Hunt,FA,RB99,-,-,-,-,-,0.4,37% (6/16)
328,10,Charlie Kolar,LAC,TE42,7,-,-,4 out of 5 stars,-,-,-
329,10,Bryce Lance,NO,WR114,8,-,-,3 out of 5 stars,-,-,-
330,10,Jalen Tolbert,MIA,WR115,6,-,-,3 out of 5 stars,-15,-0.3,36% (4/11)
331,10,Elijah Arroyo,SEA,TE43,11,-,-,3 out of 5 stars,-,-,-
332,11,Carson Beck,ARI,QB36,14,-,-,2 out of 5 stars,-68,-,-
333,11,Eli Raridon,NE,TE44,11,-,-,4 out of 5 stars,-,-,-
334,11,Joe Mixon,FA,RB100,-,-,-,-,-,-,-
335,11,Dallas Cowboys,DAL,DST22,14,-,-,1 out of 5 stars,-135,-3.1,25% (4/16)
336,11,Erick All Jr.,CIN,TE45,6,-,-,3 out of 5 stars,-,-,-
337,11,Dawson Knox,BUF,TE46,7,-,-,3 out of 5 stars,-,1.4,56% (9/16)
338,11,Cole Kmet,CHI,TE47,10,-,-,2 out of 5 stars,-,0.2,46% (7/15)
339,11,Kendrick Bourne,ARI,WR116,14,-,-,2 out of 5 stars,-,-0.4,33% (5/15)
340,11,Tez Johnson,TB,WR117,10,-,-,4 out of 5 stars,-,0.8,42% (6/14)
341,11,Jalen Royals,KC,WR118,5,-,-,2 out of 5 stars,-,-1.9,0% (0/4)
342,11,Brenen Thompson,LAC,WR119,7,-,-,2 out of 5 stars,-,-,-
343,11,Luke McCaffrey,WAS,WR120,7,-,-,2 out of 5 stars,-,0.3,55% (5/9)
344,11,Konata Mumpfield,LAR,WR121,11,-,-,1 out of 5 stars,-,-0.6,20% (3/15)
345,11,Tyler Higbee,LAR,TE48,11,-,-,4 out of 5 stars,-,-0.4,40% (4/10)
346,11,Noah Gray,KC,TE49,5,-,-,4 out of 5 stars,-,-1.2,33% (5/15)
347,11,J.J. McCarthy,MIN,QB37,6,-,-,5 out of 5 stars,-,-1,55% (5/9)
348,11,Bam Knight,ARI,RB101,14,-,-,2 out of 5 stars,-,-,-
349,11,Jake Elliott,PHI,K19,10,-,-,5 out of 5 stars,-106,-0.4,37% (6/16)
350,11,Joshua Palmer,BUF,WR122,7,-,-,4 out of 5 stars,-,-1.7,18% (2/11)
351,11,Tyler Bass,BUF,K20,7,-,-,2 out of 5 stars,-105,-,-
352,11,Max Klare,LAR,TE50,11,-,-,4 out of 5 stars,-,-,-
353,11,Treylon Burks,WAS,WR123,7,-,-,2 out of 5 stars,-,-0.5,50% (3/6)
354,11,Ja'Tavion Sanders,CAR,TE51,5,-,-,2 out of 5 stars,-,-1.1,30% (4/13)
355,11,Carolina Panthers,CAR,DST23,5,-,-,3 out of 5 stars,-,1,43% (7/16)
356,11,Olamide Zaccheaus,ATL,WR124,11,-,-,3 out of 5 stars,-,-0.6,40% (6/15)
357,11,Mac Jones,SF,QB38,8,-,-,1 out of 5 stars,-,0.7,26% (4/15)
358,11,New York Giants,NYG,DST24,8,-,-,1 out of 5 stars,-127,-1.8,25% (4/16)
359,11,Chris Brazzell II,CAR,WR125,5,-,-,2 out of 5 stars,-,-,-
360,11,Cedric Tillman,NO,WR126,8,-,-,3 out of 5 stars,-,-2,33% (4/12)
361,11,Roman Wilson,PIT,WR127,9,-,-,3 out of 5 stars,-,-,-
362,11,Justin Fields,KC,QB39,5,-,-,2 out of 5 stars,-,-,-
363,11,Eli Heidenreich,PIT,RB102,9,-,-,2 out of 5 stars,-,-,-
364,11,Ty Simpson,LAR,QB40,11,-,-,3 out of 5 stars,-,-,-
365,11,Michael Carter,TEN,RB103,9,-,-,3 out of 5 stars,-,0.3,50% (5/10)
366,11,Tampa Bay Buccaneers,TB,DST25,10,-,-,4 out of 5 stars,-,-0.7,25% (4/16)
367,11,Malik Benson,LV,WR128,13,-,-,2 out of 5 stars,-,-,-
368,11,Roschon Johnson,CHI,RB104,10,-,-,2 out of 5 stars,-,-0.8,16% (1/6)
369,11,KaVontae Turpin,DAL,WR129,14,-,-,2 out of 5 stars,-,0.9,42% (6/14)
370,11,Zavion Thomas,CHI,WR130,10,-,-,3 out of 5 stars,-,-,-
371,11,Kalif Raymond,CHI,WR131,10,-,-,3 out of 5 stars,-,0.9,50% (7/14)
372,11,Kevin Coleman Jr.,MIA,WR132,6,-,-,3 out of 5 stars,-,-,-
373,11,Anthony Richardson Sr.,IND,QB41,13,-,-,4 out of 5 stars,-,-0.1,16% (1/6)
374,11,Dont'e Thornton Jr.,LV,WR133,13,-,-,2 out of 5 stars,-,-2.9,0% (0/14)
375,11,Raheim Sanders,CLE,RB105,11,-,-,3 out of 5 stars,-,0,33% (1/3)
376,11,J'Mari Taylor,JAC,RB106,7,-,-,4 out of 5 stars,-,-,-
377,11,Trey Smack,GB,K21,11,-,-,4 out of 5 stars,-176,-,-
378,11,Savion Williams,GB,WR134,11,-,-,5 out of 5 stars,-,-0.5,41% (5/12)
379,11,Demarcus Robinson,SF,WR135,8,-,-,2 out of 5 stars,-,-0.6,38% (5/13)
380,11,John Metchie III,CAR,WR136,5,-,-,2 out of 5 stars,-,0.1,33% (5/15)
381,11,Justin Joly,FA,TE52,-,-,-,-,-,-,-
382,11,Colbie Young,CIN,WR137,6,-,-,4 out of 5 stars,-,-,-
383,11,Jaylin Lane,WAS,WR138,7,-,-,2 out of 5 stars,-,-,-
384,11,Rasheen Ali,BAL,RB107,13,-,-,3 out of 5 stars,-,0.5,35% (5/14)
385,11,Noah Fant,NO,TE53,8,-,-,2 out of 5 stars,-,-0.3,28% (4/14)
386,11,CJ Daniels,LAR,WR139,11,-,-,1 out of 5 stars,-,-,-
387,11,Tommy Tremble,CAR,TE54,5,-,-,2 out of 5 stars,-,-0.3,31% (5/16)
388,11,Ben Sinnott,WAS,TE55,7,-,-,1 out of 5 stars,-,0.1,40% (6/15)
389,11,Tennessee Titans,TEN,DST26,9,-,-,2 out of 5 stars,-66,-0.2,37% (6/16)
390,11,Zane Gonzalez,FA,K22,-,-,-,-,-,3,75% (6/8)
391,11,Odell Beckham Jr.,NYG,WR140,8,-,-,4 out of 5 stars,-,-,-
392,11,Jacob Saylors,DET,RB108,6,-,-,5 out of 5 stars,-,-,-
393,11,Tutu Atwell,LAR,WR141,11,-,-,1 out of 5 stars,-106,-0.6,22% (2/9)
394,11,Barion Brown,NO,WR142,8,-,-,3 out of 5 stars,-,-,-
395,11,Jawhar Jordan,HOU,RB109,8,-,-,4 out of 5 stars,-,0.1,50% (1/2)
396,11,Austin Ekeler,FA,RB110,-,-,-,-,-140,-,-
397,11,Daniel Carlson,NO,K23,8,-,-,5 out of 5 stars,-,-1,31% (5/16)
398,11,Cincinnati Bengals,CIN,DST27,6,-,-,4 out of 5 stars,-,-1.5,25% (4/16)
399,11,Marcus Mariota,WAS,QB42,7,-,-,2 out of 5 stars,-,0,33% (5/15)
400,11,Kyle Juszczyk,SF,RB111,8,-,-,2 out of 5 stars,-,-,-
401,11,Austin Hooper,ATL,TE56,11,-,-,3 out of 5 stars,-,0.2,46% (7/15)
402,11,Joe Flacco,CIN,QB43,6,-,-,3 out of 5 stars,-,0.9,33% (5/15)
403,11,Jordan Whittington,LAR,WR143,11,-,-,1 out of 5 stars,-,-1.2,18% (3/16)
404,12,Daniel Bellinger,TEN,TE57,9,-,-,3 out of 5 stars,-,-,-
405,12,Spencer Shrader,IND,K24,13,-,-,4 out of 5 stars,-,-,-
406,12,Jameis Winston,NYG,QB44,8,-,-,4 out of 5 stars,-,3.1,20% (1/5)
407,12,Luke Musgrave,GB,TE58,11,-,-,2 out of 5 stars,-,-1.1,25% (4/16)
408,12,Devontez Walker,BAL,WR144,13,-,-,4 out of 5 stars,-,-,-
409,12,Jam Miller,FA,RB112,-,-,-,-,-,-,-
410,12,Sione Vaki,DET,RB113,6,-,-,5 out of 5 stars,-,-,-
411,12,Cade Klubnik,NYJ,QB45,13,-,-,4 out of 5 stars,-,-,-
412,12,Nick Folk,ATL,K25,11,-,-,0 out of 5 stars,-167,1.2,50% (8/16)
413,12,Blake Grupe,NYJ,K26,13,-,-,2 out of 5 stars,-,1,40% (6/15)
414,12,Jonnu Smith,GB,TE59,11,-,-,2 out of 5 stars,-,-1,25% (4/16)
415,12,Miami Dolphins,MIA,DST28,6,-,-,3 out of 5 stars,-,0.1,56% (9/16)
416,12,Mitchell Evans,CAR,TE60,5,-,-,2 out of 5 stars,-,0.8,56% (9/16)
417,12,Marlin Klein,HOU,TE61,8,-,-,4 out of 5 stars,-,-,-
418,12,Nick Westbrook-Ikhine,FA,WR145,-,-,-,-,-,-2.9,0% (0/13)
419,12,Brandon McManus,FA,K27,-,-,-,-,-,0.8,61% (8/13)
420,12,Washington Commanders,WAS,DST29,7,-,-,2 out of 5 stars,-,-1.7,37% (6/16)
421,12,Las Vegas Raiders,LV,DST30,13,-,-,4 out of 5 stars,-,-2,18% (3/16)
422,12,Jeremy McNichols,WAS,RB114,7,-,-,4 out of 5 stars,-,-1,37% (6/16)
423,12,Ashton Dulin,IND,WR146,13,-,-,4 out of 5 stars,-,-,-
424,12,Elijah Higgins,ARI,TE62,14,-,-,2 out of 5 stars,-,0.1,43% (7/16)
425,12,Deion Burks,IND,WR147,13,-,-,4 out of 5 stars,-,-,-
426,12,Damien Martinez,FA,RB115,-,-,-,-,-,-,-
427,12,Phil Mafah,FA,RB116,-,-,-,-,-,-,-
428,12,Khalil Herbert,FA,RB117,-,-,-,-,-,-,-
429,12,Matt Hibner,BAL,TE63,13,-,-,4 out of 5 stars,-,-,-
430,12,Dyami Brown,WAS,WR148,7,-,-,2 out of 5 stars,-,-1.5,27% (3/11)
431,12,Chad Ryland,ARI,K28,14,-,-,2 out of 5 stars,-,0.8,53% (8/15)
432,12,Joey Slye,TEN,K29,9,-,-,4 out of 5 stars,-,2.7,66% (10/15)
433,12,Joe Milton III,FA,QB46,-,-,-,-,-,-0.1,7% (1/14)
434,12,Ben Sauls,FA,K30,-,-,-,-,-,1.3,50% (1/2)
435,12,Tyler Goodson,ATL,RB118,11,-,-,2 out of 5 stars,-,-,-
436,12,Ryan Fitzgerald,CAR,K31,5,-,-,0 out of 5 stars,-,0.1,43% (7/16)
437,12,Marquez Valdes-Scantling,FA,WR149,-,-,-,-,-,-1.4,22% (2/9)
438,12,Ronnie Rivers,LAR,RB119,11,-,-,5 out of 5 stars,-,-,-
439,12,Dylan Laube,LV,RB120,13,-,-,2 out of 5 stars,-,-,-
440,12,Adam Trautman,DEN,TE64,10,-,-,4 out of 5 stars,-,-0.4,37% (6/16)
441,12,Hunter Luepke,DAL,RB121,14,-,-,4 out of 5 stars,-,-,-
442,12,Jackson Hawes,BUF,TE65,7,-,-,3 out of 5 stars,-,1.2,56% (9/16)
443,12,Tanner Koziol,JAC,TE66,7,-,-,3 out of 5 stars,-,-,-
444,12,Tai Felton,MIN,WR150,6,-,-,5 out of 5 stars,-,-,-
445,12,Terrell Jennings,FA,RB122,-,-,-,-,-,-,-
446,12,Dameon Pierce,PHI,RB123,10,-,-,4 out of 5 stars,-,-0.9,25% (1/4)
447,12,Dohnte Meyers,CIN,WR151,6,-,-,4 out of 5 stars,-,-,-
448,12,Robert Henry Jr.,WAS,RB124,7,-,-,4 out of 5 stars,-,-,-
449,12,New York Jets,NYJ,DST31,13,-,-,4 out of 5 stars,-,-2.6,25% (4/16)
450,12,Antonio Gibson,FA,RB125,-,-,-,-,-,-,-
451,12,Greg Dortch,BUF,WR152,7,-,-,4 out of 5 stars,-,1.4,50% (6/12)
452,12,Zach Ertz,FA,TE67,-,-,-,-,-,-,-
453,12,Arizona Cardinals,ARI,DST32,14,-,-,2 out of 5 stars,-,-0.8,31% (5/16)
454,12,Corey Kiner,NE,RB126,11,-,-,2 out of 5 stars,-,-0.9,50% (2/4)
455,12,Elijah Moore,PHI,WR153,10,-,-,4 out of 5 stars,-,-,-
456,12,Tim Patrick,NYJ,WR154,13,-,-,4 out of 5 stars,-,1,46% (6/13)
457,12,Lil'Jordan Humphrey,DEN,WR155,10,-,-,2 out of 5 stars,-,-0.2,37% (3/8)
458,12,Isaiah Williams,NYJ,WR156,13,-,-,4 out of 5 stars,-,-,-
459,12,John Bates,WAS,TE68,7,-,-,1 out of 5 stars,-,-0.8,28% (4/14)
460,12,Tommy Myers,FA,TE69,-,-,-,-,-,-,-
461,12,Jelani Woods,NYJ,TE70,13,-,-,4 out of 5 stars,-,-,-
462,12,Dominic Zvada,NYG,K32,8,-,-,2 out of 5 stars,-199,-,-
463,12,Drew Stevens,WAS,K33,7,-,-,5 out of 5 stars,-,-,-
464,12,Jake Moody,BAL,K34,13,-,-,3 out of 5 stars,-,2.9,62% (5/8)
465,12,Tanner Hudson,CIN,TE71,6,-,-,3 out of 5 stars,-,-,-
466,12,Isaiah Williams,FA,WR157,-,-,-,-,-,-,-
467,12,Josh Williams,TB,RB127,10,-,-,2 out of 5 stars,-,-,-
468,12,Zavier Scott,CHI,RB128,10,-,-,2 out of 5 stars,-,0,40% (6/15)
469,12,Jahdae Walker,CHI,WR158,10,-,-,3 out of 5 stars,-,4.9,100% (2/2)
470,12,Jimmy Horn Jr.,CAR,WR159,5,-,-,2 out of 5 stars,-,-,-
471,12,Xavier Restrepo,FA,WR160,-,-,-,-,-,-,-
472,12,Taylen Green,CLE,QB47,11,-,-,4 out of 5 stars,-,-,-
473,12,Miles Sanders,FA,RB129,-,-,-,-,-,-,-
474,12,Kalel Mullings,TEN,RB130,9,-,-,3 out of 5 stars,-,-0.4,12% (1/8)
475,12,Chris Blair,ATL,WR161,11,-,-,3 out of 5 stars,-,-,-
476,12,Reggie Gilliam,NE,RB131,11,-,-,2 out of 5 stars,-,-,-
477,12,Tyrod Taylor,GB,QB48,11,-,-,4 out of 5 stars,-,-0.3,30% (4/13)
478,12,DeAndre Hopkins,BAL,WR162,13,-,-,4 out of 5 stars,-,-0.5,31% (5/16)
479,12,Riley Leonard,IND,QB49,13,-,-,4 out of 5 stars,-,-0.4,0% (0/3)
480,12,Jonathan Mingo,DAL,WR163,14,-,-,2 out of 5 stars,-,-0.6,25% (1/4)
481,12,AJ Dillon,CAR,RB132,5,-,-,1 out of 5 stars,-,-0.3,28% (2/7)
482,12,Jordan Watkins,SF,WR164,8,-,-,2 out of 5 stars,-,-,-
483,12,Tyler Lockett,LV,WR165,13,-,-,2 out of 5 stars,-,-0.5,37% (6/16)
484,12,Ameer Abdullah,JAC,RB133,7,-,-,4 out of 5 stars,-,-,-
485,12,Will Kacmarek,MIA,TE72,6,-,-,5 out of 5 stars,-,-,-
486,12,Foster Moreau,HOU,TE73,8,-,-,4 out of 5 stars,-,-1.5,18% (2/11)
487,12,Mo Alie-Cox,IND,TE74,13,-,-,3 out of 5 stars,-,-,-
488,12,Josh Oliver,MIN,TE75,6,-,-,4 out of 5 stars,-,0.6,28% (4/14)
489,12,Luke Schoonmaker,DAL,TE76,14,-,-,2 out of 5 stars,-,-,-
490,12,Durham Smythe,BAL,TE77,13,-,-,4 out of 5 stars,-,-,-
491,12,Sam Roush,CHI,TE78,10,-,-,2 out of 5 stars,-,-,-
492,12,Brock Wright,DET,TE79,6,-,-,3 out of 5 stars,-,0,27% (3/11)
493,12,Nate Boerkircher,JAC,TE80,7,-,-,3 out of 5 stars,-,-,-
494,12,Drew Sample,CIN,TE81,6,-,-,3 out of 5 stars,-,-0.2,25% (4/16)
495,12,Nate Adkins,DEN,TE82,10,-,-,4 out of 5 stars,-,-,-
496,12,Josh Cuevas,BAL,TE83,13,-,-,4 out of 5 stars,-,-,-
497,12,Moliki Matavao,NO,TE84,8,-,-,2 out of 5 stars,-,-,-
498,13,Mitch Tinsley,HOU,WR166,8,-,-,3 out of 5 stars,-,-,-
499,13,Khalil Dinkins,SF,TE85,8,-,-,3 out of 5 stars,-,-,-
500,13,Lan Larison,NE,RB134,11,-,-,2 out of 5 stars,-,-,-
501,13,Tyler Conklin,DET,TE86,6,-,-,3 out of 5 stars,-,-1.4,23% (3/13)
502,13,Lew Nichols III,PIT,RB135,9,-,-,2 out of 5 stars,-,-,-
503,13,Reggie Virgil,ARI,WR167,14,-,-,2 out of 5 stars,-,-,-
504,13,Miles Kitselman,FA,TE87,-,-,-,-,-,-,-
505,13,Nathan Carter,KC,RB136,5,-,-,3 out of 5 stars,-,-,-
506,13,Jaydn Ott,KC,RB137,5,-,-,3 out of 5 stars,-,-,-
507,13,Jacob Cowing,SF,WR168,8,-,-,2 out of 5 stars,-,-,-
508,13,Alexander Mattison,FA,RB138,-,-,-,-,-,-,-
509,13,KeAndre Lambert-Smith,LAC,WR169,7,-,-,2 out of 5 stars,-,-0.2,22% (2/9)
510,13,Jason Sanders,FA,K35,-,-,-,-,-,-,-
511,13,Josh Cameron,JAC,WR170,7,-,-,4 out of 5 stars,-,-,-
512,13,Kene Nwangwu,NYJ,RB139,13,-,-,3 out of 5 stars,-,-,-
513,13,Kaden Wetjen,PIT,WR171,9,-,-,3 out of 5 stars,-,-,-
514,13,Jared Wayne,HOU,WR172,8,-,-,3 out of 5 stars,-,-,-
515,13,Noah Whittington,HOU,RB140,8,-,-,4 out of 5 stars,-,-,-
516,13,Max Bredeson,MIN,RB141,6,-,-,4 out of 5 stars,-,-,-
517,13,Tyler Badie,DEN,RB142,10,-,-,2 out of 5 stars,-,-0.6,40% (6/15)
518,13,Alec Ingold,LAC,RB143,7,-,-,3 out of 5 stars,-,-,-
519,13,Michael Burton,CLE,RB144,11,-,-,3 out of 5 stars,-,-,-
520,13,Patrick Ricard,NYG,RB145,8,-,-,4 out of 5 stars,-,-,-
521,13,Ben Sims,MIA,TE88,6,-,-,5 out of 5 stars,-,-,-
522,13,Ahmani Marshall,FA,RB146,-,-,-,-,-,-,-
523,13,Myles Montgomery,FA,RB147,-,-,-,-,-,-,-
524,13,Jake Browning,FA,QB50,-,-,-,-,-,0.9,27% (3/11)
525,13,Efton Chism III,NE,WR173,11,-,-,2 out of 5 stars,-,-,-
526,13,Kevin Austin Jr.,FA,WR174,-,-,-,-,-,0.5,25% (1/4)
527,13,Scotty Miller,CHI,WR175,10,-,-,3 out of 5 stars,-,-,-
528,13,Jalen Brooks,ARI,WR176,14,-,-,2 out of 5 stars,-,-,-
529,13,Brycen Tremayne,CAR,WR177,5,-,-,2 out of 5 stars,-,-,-
530,13,Jeshaun Jones,MIN,WR178,6,-,-,5 out of 5 stars,-,-,-
531,13,Ulysses Bentley IV,FA,RB148,-,-,-,-,-,-,-
532,13,Miles Davis,FA,RB149,-,-,-,-,-,-,-
533,13,Quinn Ewers,JAC,QB51,7,-,-,4 out of 5 stars,-,-2.6,50% (1/2)
534,13,Myles Price,MIN,WR179,6,-,-,5 out of 5 stars,-,-,-
535,13,Gardner Minshew II,ARI,QB52,14,-,-,2 out of 5 stars,-,-,-
536,13,Jake Bobo,SEA,WR180,11,-,-,3 out of 5 stars,-,-,-
537,13,Trey Lance,LAC,QB53,7,-,-,2 out of 5 stars,-,0.1,21% (3/14)
538,13,Theo Wease Jr.,FA,WR181,-,-,-,-,-,11.4,100% (1/1)
539,13,Tyson Bagent,CHI,QB54,10,-,-,3 out of 5 stars,-,-0.2,15% (2/13)
540,13,Cooper Rush,ATL,QB55,11,-,-,4 out of 5 stars,-,-4.8,16% (1/6)
541,13,Donovan Edwards,FA,RB150,-,-,-,-,-,-,-
542,13,Darius Cooper,PHI,WR182,10,-,-,4 out of 5 stars,-,-,-
543,13,Michael Woods II,DEN,WR183,10,-,-,2 out of 5 stars,-,-,-
544,13,CJ Donaldson,NO,RB151,8,-,-,3 out of 5 stars,-,-,-
545,13,Mecole Hardman Jr.,FA,WR184,-,-,-,-,-,-,-
546,13,Jabari Small,DET,RB152,6,-,-,5 out of 5 stars,-,-,-
547,13,Will Levis,FA,QB56,-,-,-,-,-,-,-
548,13,JuJu Smith-Schuster,FA,WR185,-,-,-,-,-,-0.8,37% (6/16)
549,13,Tay Martin,DET,WR186,6,-,-,4 out of 5 stars,-,-,-
550,13,Brandin Cooks,FA,WR187,-,-,-,-,-,-1.2,20% (3/15)
551,13,Jermar Jefferson,MIN,RB153,6,-,-,4 out of 5 stars,-,-,-
552,13,Zamir White,NO,RB154,8,-,-,3 out of 5 stars,-,-1.2,0% (0/5)
553,13,Cade Stover,HOU,TE89,8,-,-,4 out of 5 stars,-,-0.4,37% (3/8)
554,13,Montorie Foster Jr.,SEA,WR188,11,-,-,3 out of 5 stars,-,-,-
555,13,Jeremy Ruckert,NYJ,TE90,13,-,-,4 out of 5 stars,-,-0.1,43% (7/16)
556,13,Desmond Reid,FA,RB155,-,-,-,-,-,-,-
557,13,Michael Briscoe,MIN,WR189,6,-,-,5 out of 5 stars,-,-,-
558,13,J. Michael Sturdivant,GB,WR190,11,-,-,5 out of 5 stars,-,-,-
559,13,Josh Whyle,GB,TE91,11,-,-,2 out of 5 stars,-,-,-
560,13,Julius Chestnut,TEN,RB156,9,-,-,3 out of 5 stars,-,-0.6,18% (3/16)
561,13,Cam Akers,FA,RB157,-,-,-,-,-,-,-
562,13,Davis Allen,LAR,TE92,11,-,-,4 out of 5 stars,-,0.2,37% (6/16)
563,13,Luke Farrell,SF,TE93,8,-,-,3 out of 5 stars,-,-,-
564,13,Curtis Samuel,FA,WR191,-,-,-,-,-,-0.1,20% (1/5)
565,13,Noah Brown,FA,WR192,-,-,-,-,-,-,-
566,13,Payne Durham,TB,TE94,10,-,-,2 out of 5 stars,-,-,-
567,13,Jack Endries,CIN,TE95,6,-,-,3 out of 5 stars,-,-,-
568,13,Brevyn Spann-Ford,DAL,TE96,14,-,-,2 out of 5 stars,-,-,-
569,13,Diontae Johnson,FA,WR193,-,-,-,-,-,-,-
570,13,Tom Kennedy,DET,WR194,6,-,-,4 out of 5 stars,-,-,-
571,13,Laquon Treadwell,IND,WR195,13,-,-,4 out of 5 stars,-,-,-
572,13,Joshua Cephus,FA,WR196,-,-,-,-,-,-,-
573,13,Ja'Quinden Jackson,PHI,RB158,10,-,-,4 out of 5 stars,-,-,-
574,13,Deontay Burnett,FA,WR197,-,-,-,-,-,-,-
575,13,Blake Whiteheart,CLE,TE97,11,-,-,3 out of 5 stars,-,-,-
576,13,Michael Trigg,DAL,TE98,14,-,-,2 out of 5 stars,-,-,-
577,13,Roman Hemby,LV,RB159,13,-,-,2 out of 5 stars,-,-,-
578,13,Bauer Sharp,TB,TE99,10,-,-,2 out of 5 stars,-,-,-
579,13,Seydou Traore,MIA,TE100,6,-,-,5 out of 5 stars,-,-,-
580,13,Jaret Patterson,FA,RB160,-,-,-,-,-,0.3,33% (2/6)
581,13,Xavier Smith,LAR,WR198,11,-,-,1 out of 5 stars,-,0.9,40% (4/10)
582,13,Van Jefferson,FA,WR199,-,-,-,-,-,-0.1,37% (6/16)
583,13,Joe Royer,CLE,TE101,11,-,-,3 out of 5 stars,-,-,-
584,13,Jared Wiley,KC,TE102,5,-,-,4 out of 5 stars,-,-0.3,0% (0/3)
585,13,Charlie Woerner,ATL,TE103,11,-,-,3 out of 5 stars,-,-,-
586,13,Grant Calcaterra,PHI,TE104,10,-,-,4 out of 5 stars,-,-0.9,28% (4/14)
587,13,Eric Saubert,SEA,TE105,11,-,-,3 out of 5 stars,-,-,-
588,13,Ian Thomas,LV,TE106,13,-,-,3 out of 5 stars,-,-,-
589,13,Tip Reiman,ARI,TE107,14,-,-,2 out of 5 stars,-,-,-
590,13,Kylen Granson,TEN,TE108,9,-,-,3 out of 5 stars,-,-,-
591,13,Brevin Jordan,HOU,TE109,8,-,-,4 out of 5 stars,-,-,-
592,13,Drew Ogletree,IND,TE110,13,-,-,3 out of 5 stars,-,-,-
593,13,Ben Yurosek,MIN,TE111,6,-,-,4 out of 5 stars,-,-,-
594,13,Will Dissly,FA,TE112,-,-,-,-,-,-0.7,25% (2/8)
595,13,Carsen Ryan,CLE,TE113,11,-,-,3 out of 5 stars,-,-,-
596,14,Travis Homer,PIT,RB161,9,-,-,2 out of 5 stars,-,-,-
597,14,Johnny Mundt,PHI,TE114,10,-,-,4 out of 5 stars,-,-,-
598,14,Justin Watson,FA,WR200,-,-,-,-,-,-,-
599,14,Jalen Reagor,FA,WR201,-,-,-,-,-,-,-
600,14,Derius Davis,LAC,WR202,7,-,-,2 out of 5 stars,-,-,-
601,14,Colson Yankoff,WAS,TE115,7,-,-,1 out of 5 stars,-,-,-
602,14,David Sills V,TB,WR203,10,-,-,4 out of 5 stars,-,-0.3,33% (4/12)
603,14,Hunter Long,ARI,TE116,14,-,-,2 out of 5 stars,-,0.6,33% (3/9)
604,14,Chris Manhertz,NYG,TE117,8,-,-,3 out of 5 stars,-,-,-
605,14,Cedrick Wilson Jr.,FA,WR204,-,-,-,-,-,-,-
606,14,Mason Tipton,NO,WR205,8,-,-,3 out of 5 stars,-,-1,33% (3/9)
607,14,Michael Bandy,DEN,WR206,10,-,-,2 out of 5 stars,-,-,-
608,14,Ben Skowronek,PIT,WR207,9,-,-,3 out of 5 stars,-253,-,-
609,14,Tyrell Shavers,BUF,WR208,7,-,-,4 out of 5 stars,-,0.7,43% (7/16)
610,14,Thomas Fidone II,NYG,TE118,8,-,-,3 out of 5 stars,-,-,-
611,14,DeeJay Dallas,FA,RB162,-,-,-,-,-,-,-
612,14,Arian Smith,NYJ,WR209,13,-,-,4 out of 5 stars,-,-1.9,7% (1/14)
613,14,Skyy Moore,GB,WR210,11,-,-,5 out of 5 stars,-,-,-
614,14,Kameron Johnson,TB,WR211,10,-,-,4 out of 5 stars,-,-,-
615,14,Anthony Gould,FA,WR212,-,-,-,-,-,-,-
616,14,Bo Melton,GB,WR213,11,-,-,5 out of 5 stars,-,-,-
617,14,Malachi Corley,CLE,WR214,11,-,-,3 out of 5 stars,-,-0.4,33% (3/9)
618,14,Keleki Latu,BUF,TE119,7,-,-,3 out of 5 stars,-,-,-
619,14,Coleman Owen,IND,WR215,13,-,-,4 out of 5 stars,-,-,-
620,14,Nikko Remigio,KC,WR216,5,-,-,2 out of 5 stars,-,-,-
621,14,Devin Duvernay,ARI,WR217,14,-,-,2 out of 5 stars,-,-,-
622,14,Dareke Young,LV,WR218,13,-,-,2 out of 5 stars,-,-,-
623,14,Isaiah Hodgins,FA,WR219,-,-,-,-,-,-1.5,33% (2/6)
624,14,Kendrick Law,DET,WR220,6,-,-,4 out of 5 stars,-,-,-
625,14,Ke'Shawn Williams,CIN,WR221,6,-,-,4 out of 5 stars,-,-,-
626,14,Pierre Strong Jr.,GB,RB163,11,-,-,4 out of 5 stars,-,-,-
627,14,Jamal Haynes,FA,RB164,-,-,-,-,-,-,-
628,14,Hayden Large,CHI,TE120,10,-,-,2 out of 5 stars,-,-,-
629,14,Connor Heyward,LV,TE121,13,-,-,3 out of 5 stars,-,-,-
630,14,Michael Wortham,JAC,WR222,7,-,-,4 out of 5 stars,-,-,-
631,14,Brittain Brown,CHI,RB165,10,-,-,2 out of 5 stars,-,-,-
632,14,Hassan Haskins,NE,RB166,11,-,-,2 out of 5 stars,-,-1.8,10% (1/10)
633,14,Kenny McIntosh,FA,RB167,-,-,-,-,-,-,-
634,14,Ronnie Bell,FA,WR223,-,-,-,-,-,-,-
635,14,Kendric Pryor,FA,WR224,-,-,-,-,-,-,-
636,14,Tahj Washington,FA,WR225,-,-,-,-,-,-,-
637,14,Chip Trayanum,NYJ,RB168,13,-,-,3 out of 5 stars,-,-,-
638,15,Terion Stewart,KC,RB169,5,-,-,3 out of 5 stars,-,-,-
639,15,Zack Moss,FA,RB170,-,-,-,-,-,-,-
640,15,Xavier Weaver,FA,WR226,-,-,-,-,-,-1,25% (1/4)
641,15,Jeff Wilson Jr.,FA,RB171,-,-,-,-,-,-,-
642,15,Gus Edwards,FA,RB172,-,-,-,-,-,-,-
643,15,Royce Freeman,FA,RB173,-,-,-,-,-,-,-
644,15,Raheem Mostert,LV,RB174,13,-,-,2 out of 5 stars,-,-1.2,16% (2/12)
645,15,Tylan Wallace,CLE,WR227,11,-,-,3 out of 5 stars,-,-,-
646,15,D'Onta Foreman,FA,RB175,-,-,-,-,-,-,-
647,15,Trayveon Williams,FA,RB176,-,-,-,-,-,-0.5,40% (2/5)
648,15,Dare Ogunbowale,LV,RB177,13,-,-,2 out of 5 stars,-,-0.3,25% (4/16)
649,15,Clyde Edwards-Helaire,FA,RB178,-,-,-,-,-,-,-
650,15,Simi Fehoko,ARI,WR228,14,-,-,2 out of 5 stars,-,-,-
651,15,Darrynton Evans,FA,RB179,-,-,-,-,-,-,-
652,15,Myles Gaskin,FA,RB180,-,-,-,-,-,-,-
653,15,Braxton Berrios,NYG,WR229,8,-,-,4 out of 5 stars,-,-,-
654,15,Tyrion Davis-Price,FA,RB181,-,-,-,-,-,-,-
655,15,LaJohntay Wester,BAL,WR230,13,-,-,4 out of 5 stars,-,-,-
656,15,Camden Brown,DAL,WR231,14,-,-,2 out of 5 stars,-,-,-
657,15,Ryan Miller,MIA,WR232,6,-,-,3 out of 5 stars,-,-,-
658,15,Vinny Anthony II,ATL,WR233,11,-,-,3 out of 5 stars,-,-,-
659,15,Gabe Davis,FA,WR234,-,-,-,-,-,-,-
660,15,Juice Wells Jr.,FA,WR235,-,-,-,-,-,-,-
661,15,Ricky White III,SEA,WR236,11,-,-,3 out of 5 stars,-,-,-
662,15,Quez Watkins,FA,WR237,-,-,-,-,-,-,-
663,16,Emmanuel Henderson Jr.,SEA,WR238,11,-,-,3 out of 5 stars,-,-,-
664,16,CJ Williams,JAC,WR239,7,-,-,4 out of 5 stars,-,-,-
